30443^MNDRY_EVT_PHYS_ALM_UNKNOWN_CHANNEL^MDC,1.7.1.0
30443^MNDRY_EVT_PHYS_ALM_UNKNOWN_CHANNEL^MDC,1.7.2.0
30443^MNDRY_EVT_PHYS_ALM_UNKNOWN_CHANNEL^MDC,1.7.3.0
30443^MNDRY_EVT_PHYS_ALM_UNKNOWN_CHANNEL^MDC,1.7.4.0
30443^MNDRY_EVT_PHYS_ALM_UNKNOWN_CHANNEL^MDC,1.7.5.0
30443^MNDRY_EVT_PHYS_ALM_UNKNOWN_CHANNEL^MDC,1.7.6.0
30443^MNDRY_EVT_PHYS_ALM_UNKNOWN_CHANNEL^MDC,1.3.1.0
30443^MNDRY_EVT_PHYS_ALM_UNKNOWN_CHANNEL^MDC,1.3.2.0
30443^MNDRY_EVT_PHYS_ALM_UNKNOWN_CHANNEL^MDC,1.3.4.0
30443^MNDRY_EVT_PHYS_ALM_UNKNOWN_CHANNEL^MDC,1.1.9.0
30443^MNDRY_EVT_PHYS_ALM_UNKNOWN_CHANNEL^MDC,1.1.1.0
30443^MNDRY_EVT_PHYS_ALM_UNKNOWN_CHANNEL^MDC,1.1.2.0
30443^MNDRY_EVT_PHYS_ALM_UNKNOWN_CHANNEL^MDC,1.1.3.0
30443^MNDRY_EVT_PHYS_ALM_UNKNOWN_CHANNEL^MDC,1.1.4.0
30443^MNDRY_EVT_PHYS_ALM_UNKNOWN_CHANNEL^MDC,1.1.5.0
30443^MNDRY_EVT_PHYS_ALM_UNKNOWN_CHANNEL^MDC,1.1.6.0
30443^MNDRY_EVT_PHYS_ALM_UNKNOWN_CHANNEL^MDC,1.1.7.0
30443^MNDRY_EVT_PHYS_ALM_UNKNOWN_CHANNEL^MDC,1.1.8.0
30443^MNDRY_EVT_PHYS_ALM_UNKNOWN_CHANNEL^MDC,1.1.11.0
30443^MNDRY_EVT_PHYS_ALM_UNKNOWN_CHANNEL^MDC,1.1.12.0
30443^MNDRY_EVT_PHYS_ALM_UNKNOWN_CHANNEL^MDC,1.1.13.0
30443^MNDRY_EVT_PHYS_ALM_UNKNOWN_CHANNEL^MDC,1.1.1.150037
30443^MNDRY_EVT_PHYS_ALM_UNKNOWN_CHANNEL^MDC,1.1.1.150038
30443^MNDRY_EVT_PHYS_ALM_UNKNOWN_CHANNEL^MDC,1.1.1.150039
30443^MNDRY_EVT_PHYS_ALM_UNKNOWN_CHANNEL^MDC,1.1.1.364
30443^MNDRY_EVT_PHYS_ALM_UNKNOWN_CHANNEL^MDC,1.1.11.150037
30443^MNDRY_EVT_PHYS_ALM_UNKNOWN_CHANNEL^MDC,1.1.11.150038
30443^MNDRY_EVT_PHYS_ALM_UNKNOWN_CHANNEL^MDC,1.1.11.150039
30443^MNDRY_EVT_PHYS_ALM_UNKNOWN_CHANNEL^MDC,1.1.13.150037
30443^MNDRY_EVT_PHYS_ALM_UNKNOWN_CHANNEL^MDC,1.1.13.150038
30443^MNDRY_EVT_PHYS_ALM_UNKNOWN_CHANNEL^MDC,1.1.13.150039
30443^MNDRY_EVT_PHYS_ALM_UNKNOWN_CHANNEL^MDC,1.1.13.150041
30443^MNDRY_EVT_PHYS_ALM_UNKNOWN_CHANNEL^MDC,1.1.13.364
30443^MNDRY_EVT_PHYS_ALM_UNKNOWN_CHANNEL^MDC,1.1.1.150045
30443^MNDRY_EVT_PHYS_ALM_UNKNOWN_CHANNEL^MDC,1.1.1.150046
30443^MNDRY_EVT_PHYS_ALM_UNKNOWN_CHANNEL^MDC,1.1.1.150047
30443^MNDRY_EVT_PHYS_ALM_UNKNOWN_CHANNEL^MDC,1.1.1.368
30443^MNDRY_EVT_PHYS_ALM_UNKNOWN_CHANNEL^MDC,1.1.1.150029
30443^MNDRY_EVT_PHYS_ALM_UNKNOWN_CHANNEL^MDC,1.1.1.150030
30443^MNDRY_EVT_PHYS_ALM_UNKNOWN_CHANNEL^MDC,1.1.1.150031
30443^MNDRY_EVT_PHYS_ALM_UNKNOWN_CHANNEL^MDC,1.1.1.372
30443^MNDRY_EVT_PHYS_ALM_UNKNOWN_CHANNEL^MDC,1.1.1.150057
30443^MNDRY_EVT_PHYS_ALM_UNKNOWN_CHANNEL^MDC,1.1.1.150058
30443^MNDRY_EVT_PHYS_ALM_UNKNOWN_CHANNEL^MDC,1.1.1.150059
30443^MNDRY_EVT_PHYS_ALM_UNKNOWN_CHANNEL^MDC,1.1.1.365
30443^MNDRY_EVT_PHYS_ALM_UNKNOWN_CHANNEL^MDC,1.1.1.150681
30443^MNDRY_EVT_PHYS_ALM_UNKNOWN_CHANNEL^MDC,1.1.1.150682
30443^MNDRY_EVT_PHYS_ALM_UNKNOWN_CHANNEL^MDC,1.1.1.150683
30443^MNDRY_EVT_PHYS_ALM_UNKNOWN_CHANNEL^MDC,1.1.1.373
30443^MNDRY_EVT_PHYS_ALM_UNKNOWN_CHANNEL^MDC,1.1.1.150649
30443^MNDRY_EVT_PHYS_ALM_UNKNOWN_CHANNEL^MDC,1.1.1.150650
30443^MNDRY_EVT_PHYS_ALM_UNKNOWN_CHANNEL^MDC,1.1.1.150651
30443^MNDRY_EVT_PHYS_ALM_UNKNOWN_CHANNEL^MDC,1.1.1.374
30443^MNDRY_EVT_PHYS_ALM_UNKNOWN_CHANNEL^MDC,1.1.1.150017
30443^MNDRY_EVT_PHYS_ALM_UNKNOWN_CHANNEL^MDC,1.1.1.150018
30443^MNDRY_EVT_PHYS_ALM_UNKNOWN_CHANNEL^MDC,1.1.1.150019
30443^MNDRY_EVT_PHYS_ALM_UNKNOWN_CHANNEL^MDC,1.1.1.149522
30443^MNDRY_EVT_PHYS_ALM_UNKNOWN_CHANNEL^MDC,1.1.2.150017
30443^MNDRY_EVT_PHYS_ALM_UNKNOWN_CHANNEL^MDC,1.1.2.150018
30443^MNDRY_EVT_PHYS_ALM_UNKNOWN_CHANNEL^MDC,1.1.2.150019
30443^MNDRY_EVT_PHYS_ALM_UNKNOWN_CHANNEL^MDC,1.1.2.149522
30443^MNDRY_EVT_PHYS_ALM_UNKNOWN_CHANNEL^MDC,1.1.3.150017
30443^MNDRY_EVT_PHYS_ALM_UNKNOWN_CHANNEL^MDC,1.1.3.150018
30443^MNDRY_EVT_PHYS_ALM_UNKNOWN_CHANNEL^MDC,1.1.3.150019
30443^MNDRY_EVT_PHYS_ALM_UNKNOWN_CHANNEL^MDC,1.1.3.149522
30443^MNDRY_EVT_PHYS_ALM_UNKNOWN_CHANNEL^MDC,1.1.4.150017
30443^MNDRY_EVT_PHYS_ALM_UNKNOWN_CHANNEL^MDC,1.1.4.150018
30443^MNDRY_EVT_PHYS_ALM_UNKNOWN_CHANNEL^MDC,1.1.4.150019
30443^MNDRY_EVT_PHYS_ALM_UNKNOWN_CHANNEL^MDC,1.1.4.149522
30443^MNDRY_EVT_PHYS_ALM_UNKNOWN_CHANNEL^MDC,1.1.5.150017
30443^MNDRY_EVT_PHYS_ALM_UNKNOWN_CHANNEL^MDC,1.1.5.150018
30443^MNDRY_EVT_PHYS_ALM_UNKNOWN_CHANNEL^MDC,1.1.5.150019
30443^MNDRY_EVT_PHYS_ALM_UNKNOWN_CHANNEL^MDC,1.1.5.149522
30443^MNDRY_EVT_PHYS_ALM_UNKNOWN_CHANNEL^MDC,1.1.6.150017
30443^MNDRY_EVT_PHYS_ALM_UNKNOWN_CHANNEL^MDC,1.1.6.150018
30443^MNDRY_EVT_PHYS_ALM_UNKNOWN_CHANNEL^MDC,1.1.6.150019
30443^MNDRY_EVT_PHYS_ALM_UNKNOWN_CHANNEL^MDC,1.1.6.149522
30443^MNDRY_EVT_PHYS_ALM_UNKNOWN_CHANNEL^MDC,1.1.7.150017
30443^MNDRY_EVT_PHYS_ALM_UNKNOWN_CHANNEL^MDC,1.1.7.150018
30443^MNDRY_EVT_PHYS_ALM_UNKNOWN_CHANNEL^MDC,1.1.7.150019
30443^MNDRY_EVT_PHYS_ALM_UNKNOWN_CHANNEL^MDC,1.1.7.149522
30443^MNDRY_EVT_PHYS_ALM_UNKNOWN_CHANNEL^MDC,1.1.8.150017
30443^MNDRY_EVT_PHYS_ALM_UNKNOWN_CHANNEL^MDC,1.1.8.150018
30443^MNDRY_EVT_PHYS_ALM_UNKNOWN_CHANNEL^MDC,1.1.8.150019
30443^MNDRY_EVT_PHYS_ALM_UNKNOWN_CHANNEL^MDC,1.1.8.149522
30443^MNDRY_EVT_PHYS_ALM_UNKNOWN_CHANNEL^MDC,1.1.1.150085
30443^MNDRY_EVT_PHYS_ALM_UNKNOWN_CHANNEL^MDC,1.1.1.150086
30443^MNDRY_EVT_PHYS_ALM_UNKNOWN_CHANNEL^MDC,1.1.1.150087
30443^MNDRY_EVT_PHYS_ALM_UNKNOWN_CHANNEL^MDC,1.1.1.369
30443^MNDRY_EVT_PHYS_ALM_UNKNOWN_CHANNEL^MDC,1.1.1.150069
30443^MNDRY_EVT_PHYS_ALM_UNKNOWN_CHANNEL^MDC,1.1.1.150070
30443^MNDRY_EVT_PHYS_ALM_UNKNOWN_CHANNEL^MDC,1.1.1.150071
30443^MNDRY_EVT_PHYS_ALM_UNKNOWN_CHANNEL^MDC,1.1.1.371
30443^MNDRY_EVT_PHYS_ALM_UNKNOWN_CHANNEL^MDC,1.1.1.150065
30443^MNDRY_EVT_PHYS_ALM_UNKNOWN_CHANNEL^MDC,1.1.1.150066
30443^MNDRY_EVT_PHYS_ALM_UNKNOWN_CHANNEL^MDC,1.1.1.150067
30443^MNDRY_EVT_PHYS_ALM_UNKNOWN_CHANNEL^MDC,1.1.1.370
30443^MNDRY_EVT_PHYS_ALM_UNKNOWN_CHANNEL^MDC,1.1.1.153609
30443^MNDRY_EVT_PHYS_ALM_UNKNOWN_CHANNEL^MDC,1.1.1.153610
30443^MNDRY_EVT_PHYS_ALM_UNKNOWN_CHANNEL^MDC,1.1.1.153611
30443^MNDRY_EVT_PHYS_ALM_UNKNOWN_CHANNEL^MDC,1.1.1.376
30443^MNDRY_EVT_PHYS_ALM_UNKNOWN_CHANNEL^MDC,1.1.1.150089
30443^MNDRY_EVT_PHYS_ALM_UNKNOWN_CHANNEL^MDC,1.1.1.150090
30443^MNDRY_EVT_PHYS_ALM_UNKNOWN_CHANNEL^MDC,1.1.1.150091
30443^MNDRY_EVT_PHYS_ALM_UNKNOWN_CHANNEL^MDC,1.1.1.375
30443^MNDRY_EVT_PHYS_ALM_UNKNOWN_CHANNEL^MDC,1.1.1.150101
30443^MNDRY_EVT_PHYS_ALM_UNKNOWN_CHANNEL^MDC,1.1.1.150102
30443^MNDRY_EVT_PHYS_ALM_UNKNOWN_CHANNEL^MDC,1.1.1.150103
30443^MNDRY_EVT_PHYS_ALM_UNKNOWN_CHANNEL^MDC,1.1.1.366
30443^MNDRY_EVT_PHYS_ALM_UNKNOWN_CHANNEL^MDC,1.1.11.150033
30443^MNDRY_EVT_PHYS_ALM_UNKNOWN_CHANNEL^MDC,1.1.11.150034
30443^MNDRY_EVT_PHYS_ALM_UNKNOWN_CHANNEL^MDC,1.1.11.150035
30443^MNDRY_EVT_PHYS_ALM_UNKNOWN_CHANNEL^MDC,1.1.11.364
30443^MNDRY_EVT_PHYS_ALM_UNKNOWN_CHANNEL^MDC,1.1.12.150085
30443^MNDRY_EVT_PHYS_ALM_UNKNOWN_CHANNEL^MDC,1.1.12.150086
30443^MNDRY_EVT_PHYS_ALM_UNKNOWN_CHANNEL^MDC,1.1.12.150087
30443^MNDRY_EVT_PHYS_ALM_UNKNOWN_CHANNEL^MDC,1.1.12.369
30443^MNDRY_EVT_PHYS_ALM_UNKNOWN_CHANNEL^MDC,1.1.2.150037
30443^MNDRY_EVT_PHYS_ALM_UNKNOWN_CHANNEL^MDC,1.1.2.150038
30443^MNDRY_EVT_PHYS_ALM_UNKNOWN_CHANNEL^MDC,1.1.2.150039
30443^MNDRY_EVT_PHYS_ALM_UNKNOWN_CHANNEL^MDC,1.1.2.364
30443^MNDRY_EVT_PHYS_ALM_UNKNOWN_CHANNEL^MDC,1.1.1.101
30443^MNDRY_EVT_PHYS_ALM_UNKNOWN_CHANNEL^MDC,1.1.1.102
30443^MNDRY_EVT_PHYS_ALM_UNKNOWN_CHANNEL^MDC,1.1.1.103
30443^MNDRY_EVT_PHYS_ALM_UNKNOWN_CHANNEL^MDC,1.1.1.379
30443^MNDRY_EVT_PHYS_ALM_UNKNOWN_CHANNEL^MDC,
196652^MDC_EVT_HI_VAL_GT_LIM^MDC,1.7.4.147842
196652^MDC_EVT_HI_VAL_GT_LIM^MDC,1.7.3.131841
196652^MDC_EVT_HI_VAL_GT_LIM^MDC,1.7.3.131842
196652^MDC_EVT_HI_VAL_GT_LIM^MDC,1.7.3.131901
196652^MDC_EVT_HI_VAL_GT_LIM^MDC,1.7.3.131902
196652^MDC_EVT_HI_VAL_GT_LIM^MDC,1.7.3.131903
196652^MDC_EVT_HI_VAL_GT_LIM^MDC,1.7.2.148066
196652^MDC_EVT_HI_VAL_GT_LIM^MDC,1.1.9.150021
196652^MDC_EVT_HI_VAL_GT_LIM^MDC,1.1.9.150023
196652^MDC_EVT_HI_VAL_GT_LIM^MDC,1.1.9.150022
196652^MDC_EVT_HI_VAL_GT_LIM^MDC,1.2.1.150344
196652^MDC_EVT_HI_VAL_GT_LIM^MDC,1.2.1.150392
196652^MDC_EVT_HI_VAL_GT_LIM^MDC,1.2.1.150352
196652^MDC_EVT_HI_VAL_GT_LIM^MDC,1.2.1.150396
196652^MDC_EVT_HI_VAL_GT_LIM^MDC,1.2.1.188424
196652^MDC_EVT_HI_VAL_GT_LIM^MDC,1.2.1.150388
196652^MDC_EVT_HI_VAL_GT_LIM^MDC,1.2.1.150368
196652^MDC_EVT_HI_VAL_GT_LIM^MDC,1.2.1.188496
196652^MDC_EVT_HI_VAL_GT_LIM^MDC,1.2.1.150380
196652^MDC_EVT_HI_VAL_GT_LIM^MDC,1.2.1.150372
196652^MDC_EVT_HI_VAL_GT_LIM^MDC,1.2.1.188420
196652^MDC_EVT_HI_VAL_GT_LIM^MDC,1.2.1.188508
196652^MDC_EVT_HI_VAL_GT_LIM^MDC,1.2.1.150356
196652^MDC_EVT_HI_VAL_GT_LIM^MDC,1.2.1.150348
196652^MDC_EVT_HI_VAL_GT_LIM^MDC,1.2.1.188436
196652^MDC_EVT_HI_VAL_GT_LIM^MDC,1.2.1.188500
196652^MDC_EVT_HI_VAL_GT_LIM^MDC,1.2.1.112
196652^MDC_EVT_HI_VAL_GT_LIM^MDC,1.2.1.471
196652^MDC_EVT_HI_VAL_GT_LIM^MDC,1.2.1.188428
196652^MDC_EVT_HI_VAL_GT_LIM^MDC,1.2.2.150344
196652^MDC_EVT_HI_VAL_GT_LIM^MDC,1.2.2.150392
196652^MDC_EVT_HI_VAL_GT_LIM^MDC,1.2.2.150352
196652^MDC_EVT_HI_VAL_GT_LIM^MDC,1.2.2.150396
196652^MDC_EVT_HI_VAL_GT_LIM^MDC,1.2.2.188424
196652^MDC_EVT_HI_VAL_GT_LIM^MDC,1.2.2.150388
196652^MDC_EVT_HI_VAL_GT_LIM^MDC,1.2.2.150368
196652^MDC_EVT_HI_VAL_GT_LIM^MDC,1.2.2.188496
196652^MDC_EVT_HI_VAL_GT_LIM^MDC,1.2.2.150380
196652^MDC_EVT_HI_VAL_GT_LIM^MDC,1.2.2.150372
196652^MDC_EVT_HI_VAL_GT_LIM^MDC,1.2.2.188420
196652^MDC_EVT_HI_VAL_GT_LIM^MDC,1.2.2.188508
196652^MDC_EVT_HI_VAL_GT_LIM^MDC,1.2.2.150356
196652^MDC_EVT_HI_VAL_GT_LIM^MDC,1.2.2.150348
196652^MDC_EVT_HI_VAL_GT_LIM^MDC,1.2.2.188436
196652^MDC_EVT_HI_VAL_GT_LIM^MDC,1.2.2.188500
196652^MDC_EVT_HI_VAL_GT_LIM^MDC,1.2.2.112
196652^MDC_EVT_HI_VAL_GT_LIM^MDC,1.2.2.471
196652^MDC_EVT_HI_VAL_GT_LIM^MDC,1.2.2.188428
196652^MDC_EVT_HI_VAL_GT_LIM^MDC,1.2.3.150344
196652^MDC_EVT_HI_VAL_GT_LIM^MDC,1.2.3.150392
196652^MDC_EVT_HI_VAL_GT_LIM^MDC,1.2.3.150352
196652^MDC_EVT_HI_VAL_GT_LIM^MDC,1.2.3.150396
196652^MDC_EVT_HI_VAL_GT_LIM^MDC,1.2.3.188424
196652^MDC_EVT_HI_VAL_GT_LIM^MDC,1.2.3.150388
196652^MDC_EVT_HI_VAL_GT_LIM^MDC,1.2.3.150368
196652^MDC_EVT_HI_VAL_GT_LIM^MDC,1.2.3.188496
196652^MDC_EVT_HI_VAL_GT_LIM^MDC,1.2.3.150380
196652^MDC_EVT_HI_VAL_GT_LIM^MDC,1.2.3.150372
196652^MDC_EVT_HI_VAL_GT_LIM^MDC,1.2.3.188420
196652^MDC_EVT_HI_VAL_GT_LIM^MDC,1.2.3.188508
196652^MDC_EVT_HI_VAL_GT_LIM^MDC,1.2.3.150356
196652^MDC_EVT_HI_VAL_GT_LIM^MDC,1.2.3.150348
196652^MDC_EVT_HI_VAL_GT_LIM^MDC,1.2.3.188436
196652^MDC_EVT_HI_VAL_GT_LIM^MDC,1.2.3.188500
196652^MDC_EVT_HI_VAL_GT_LIM^MDC,1.2.3.112
196652^MDC_EVT_HI_VAL_GT_LIM^MDC,1.2.3.471
196652^MDC_EVT_HI_VAL_GT_LIM^MDC,1.2.3.188428
196652^MDC_EVT_HI_VAL_GT_LIM^MDC,1.2.5.150344
196652^MDC_EVT_HI_VAL_GT_LIM^MDC,1.2.5.150392
196652^MDC_EVT_HI_VAL_GT_LIM^MDC,1.2.5.150352
196652^MDC_EVT_HI_VAL_GT_LIM^MDC,1.2.5.150396
196652^MDC_EVT_HI_VAL_GT_LIM^MDC,1.2.5.188424
196652^MDC_EVT_HI_VAL_GT_LIM^MDC,1.2.5.150388
196652^MDC_EVT_HI_VAL_GT_LIM^MDC,1.2.5.150368
196652^MDC_EVT_HI_VAL_GT_LIM^MDC,1.2.5.188496
196652^MDC_EVT_HI_VAL_GT_LIM^MDC,1.2.5.150380
196652^MDC_EVT_HI_VAL_GT_LIM^MDC,1.2.5.150372
196652^MDC_EVT_HI_VAL_GT_LIM^MDC,1.2.5.188420
196652^MDC_EVT_HI_VAL_GT_LIM^MDC,1.2.5.188508
196652^MDC_EVT_HI_VAL_GT_LIM^MDC,1.2.5.150356
196652^MDC_EVT_HI_VAL_GT_LIM^MDC,1.2.5.150348
196652^MDC_EVT_HI_VAL_GT_LIM^MDC,1.2.5.188436
196652^MDC_EVT_HI_VAL_GT_LIM^MDC,1.2.5.188500
196652^MDC_EVT_HI_VAL_GT_LIM^MDC,1.2.5.112
196652^MDC_EVT_HI_VAL_GT_LIM^MDC,1.2.5.471
196652^MDC_EVT_HI_VAL_GT_LIM^MDC,1.2.5.188428
196652^MDC_EVT_HI_VAL_GT_LIM^MDC,1.2.6.150344
196652^MDC_EVT_HI_VAL_GT_LIM^MDC,1.2.6.150392
196652^MDC_EVT_HI_VAL_GT_LIM^MDC,1.2.6.150352
196652^MDC_EVT_HI_VAL_GT_LIM^MDC,1.2.6.150396
196652^MDC_EVT_HI_VAL_GT_LIM^MDC,1.2.6.188424
196652^MDC_EVT_HI_VAL_GT_LIM^MDC,1.2.6.150388
196652^MDC_EVT_HI_VAL_GT_LIM^MDC,1.2.6.150368
196652^MDC_EVT_HI_VAL_GT_LIM^MDC,1.2.6.188496
196652^MDC_EVT_HI_VAL_GT_LIM^MDC,1.2.6.150380
196652^MDC_EVT_HI_VAL_GT_LIM^MDC,1.2.6.150372
196652^MDC_EVT_HI_VAL_GT_LIM^MDC,1.2.6.188420
196652^MDC_EVT_HI_VAL_GT_LIM^MDC,1.2.6.188508
196652^MDC_EVT_HI_VAL_GT_LIM^MDC,1.2.6.150356
196652^MDC_EVT_HI_VAL_GT_LIM^MDC,1.2.6.150348
196652^MDC_EVT_HI_VAL_GT_LIM^MDC,1.2.6.188436
196652^MDC_EVT_HI_VAL_GT_LIM^MDC,1.2.6.188500
196652^MDC_EVT_HI_VAL_GT_LIM^MDC,1.2.6.112
196652^MDC_EVT_HI_VAL_GT_LIM^MDC,1.2.6.471
196652^MDC_EVT_HI_VAL_GT_LIM^MDC,1.2.6.188428
196652^MDC_EVT_HI_VAL_GT_LIM^MDC,1.2.7.150344
196652^MDC_EVT_HI_VAL_GT_LIM^MDC,1.2.7.150392
196652^MDC_EVT_HI_VAL_GT_LIM^MDC,1.2.7.150352
196652^MDC_EVT_HI_VAL_GT_LIM^MDC,1.2.7.150396
196652^MDC_EVT_HI_VAL_GT_LIM^MDC,1.2.7.188424
196652^MDC_EVT_HI_VAL_GT_LIM^MDC,1.2.7.150388
196652^MDC_EVT_HI_VAL_GT_LIM^MDC,1.2.7.150368
196652^MDC_EVT_HI_VAL_GT_LIM^MDC,1.2.7.188496
196652^MDC_EVT_HI_VAL_GT_LIM^MDC,1.2.7.150380
196652^MDC_EVT_HI_VAL_GT_LIM^MDC,1.2.7.150372
196652^MDC_EVT_HI_VAL_GT_LIM^MDC,1.2.7.188420
196652^MDC_EVT_HI_VAL_GT_LIM^MDC,1.2.7.188508
196652^MDC_EVT_HI_VAL_GT_LIM^MDC,1.2.7.150356
196652^MDC_EVT_HI_VAL_GT_LIM^MDC,1.2.7.150348
196652^MDC_EVT_HI_VAL_GT_LIM^MDC,1.2.7.188436
196652^MDC_EVT_HI_VAL_GT_LIM^MDC,1.2.7.188500
196652^MDC_EVT_HI_VAL_GT_LIM^MDC,1.2.7.112
196652^MDC_EVT_HI_VAL_GT_LIM^MDC,1.2.7.471
196652^MDC_EVT_HI_VAL_GT_LIM^MDC,1.2.7.188428
196652^MDC_EVT_HI_VAL_GT_LIM^MDC,1.2.8.150344
196652^MDC_EVT_HI_VAL_GT_LIM^MDC,1.2.8.150392
196652^MDC_EVT_HI_VAL_GT_LIM^MDC,1.2.8.150352
196652^MDC_EVT_HI_VAL_GT_LIM^MDC,1.2.8.150396
196652^MDC_EVT_HI_VAL_GT_LIM^MDC,1.2.8.188424
196652^MDC_EVT_HI_VAL_GT_LIM^MDC,1.2.8.150388
196652^MDC_EVT_HI_VAL_GT_LIM^MDC,1.2.8.150368
196652^MDC_EVT_HI_VAL_GT_LIM^MDC,1.2.8.188496
196652^MDC_EVT_HI_VAL_GT_LIM^MDC,1.2.8.150380
196652^MDC_EVT_HI_VAL_GT_LIM^MDC,1.2.8.150372
196652^MDC_EVT_HI_VAL_GT_LIM^MDC,1.2.8.188420
196652^MDC_EVT_HI_VAL_GT_LIM^MDC,1.2.8.188508
196652^MDC_EVT_HI_VAL_GT_LIM^MDC,1.2.8.150356
196652^MDC_EVT_HI_VAL_GT_LIM^MDC,1.2.8.150348
196652^MDC_EVT_HI_VAL_GT_LIM^MDC,1.2.8.188436
196652^MDC_EVT_HI_VAL_GT_LIM^MDC,1.2.8.188500
196652^MDC_EVT_HI_VAL_GT_LIM^MDC,1.2.8.112
196652^MDC_EVT_HI_VAL_GT_LIM^MDC,1.2.8.471
196652^MDC_EVT_HI_VAL_GT_LIM^MDC,1.2.8.188428
196652^MDC_EVT_HI_VAL_GT_LIM^MDC,1.2.9.150344
196652^MDC_EVT_HI_VAL_GT_LIM^MDC,1.2.9.150392
196652^MDC_EVT_HI_VAL_GT_LIM^MDC,1.2.9.150352
196652^MDC_EVT_HI_VAL_GT_LIM^MDC,1.2.9.150396
196652^MDC_EVT_HI_VAL_GT_LIM^MDC,1.2.9.188424
196652^MDC_EVT_HI_VAL_GT_LIM^MDC,1.2.9.150388
196652^MDC_EVT_HI_VAL_GT_LIM^MDC,1.2.9.150368
196652^MDC_EVT_HI_VAL_GT_LIM^MDC,1.2.9.188496
196652^MDC_EVT_HI_VAL_GT_LIM^MDC,1.2.9.150380
196652^MDC_EVT_HI_VAL_GT_LIM^MDC,1.2.9.150372
196652^MDC_EVT_HI_VAL_GT_LIM^MDC,1.2.9.188420
196652^MDC_EVT_HI_VAL_GT_LIM^MDC,1.2.9.188508
196652^MDC_EVT_HI_VAL_GT_LIM^MDC,1.2.9.150356
196652^MDC_EVT_HI_VAL_GT_LIM^MDC,1.2.9.150348
196652^MDC_EVT_HI_VAL_GT_LIM^MDC,1.2.9.188436
196652^MDC_EVT_HI_VAL_GT_LIM^MDC,1.2.9.188500
196652^MDC_EVT_HI_VAL_GT_LIM^MDC,1.2.9.112
196652^MDC_EVT_HI_VAL_GT_LIM^MDC,1.2.9.471
196652^MDC_EVT_HI_VAL_GT_LIM^MDC,1.2.9.188428
196652^MDC_EVT_HI_VAL_GT_LIM^MDC,1.2.10.150344
196652^MDC_EVT_HI_VAL_GT_LIM^MDC,1.2.10.150392
196652^MDC_EVT_HI_VAL_GT_LIM^MDC,1.2.10.150352
196652^MDC_EVT_HI_VAL_GT_LIM^MDC,1.2.10.150396
196652^MDC_EVT_HI_VAL_GT_LIM^MDC,1.2.10.188424
196652^MDC_EVT_HI_VAL_GT_LIM^MDC,1.2.10.150388
196652^MDC_EVT_HI_VAL_GT_LIM^MDC,1.2.10.150368
196652^MDC_EVT_HI_VAL_GT_LIM^MDC,1.2.10.188496
196652^MDC_EVT_HI_VAL_GT_LIM^MDC,1.2.10.150380
196652^MDC_EVT_HI_VAL_GT_LIM^MDC,1.2.10.150372
196652^MDC_EVT_HI_VAL_GT_LIM^MDC,1.2.10.188420
196652^MDC_EVT_HI_VAL_GT_LIM^MDC,1.2.10.188508
196652^MDC_EVT_HI_VAL_GT_LIM^MDC,1.2.10.150356
196652^MDC_EVT_HI_VAL_GT_LIM^MDC,1.2.10.150348
196652^MDC_EVT_HI_VAL_GT_LIM^MDC,1.2.10.188436
196652^MDC_EVT_HI_VAL_GT_LIM^MDC,1.2.10.188500
196652^MDC_EVT_HI_VAL_GT_LIM^MDC,1.2.10.112
196652^MDC_EVT_HI_VAL_GT_LIM^MDC,1.2.10.471
196652^MDC_EVT_HI_VAL_GT_LIM^MDC,1.2.10.188428
196652^MDC_EVT_HI_VAL_GT_LIM^MDC,1.1.1.150037
196652^MDC_EVT_HI_VAL_GT_LIM^MDC,1.1.1.150039
196652^MDC_EVT_HI_VAL_GT_LIM^MDC,1.1.1.150038
196652^MDC_EVT_HI_VAL_GT_LIM^MDC,1.1.1.150045
196652^MDC_EVT_HI_VAL_GT_LIM^MDC,1.1.1.150047
196652^MDC_EVT_HI_VAL_GT_LIM^MDC,1.1.1.150046
196652^MDC_EVT_HI_VAL_GT_LIM^MDC,1.1.1.150029
196652^MDC_EVT_HI_VAL_GT_LIM^MDC,1.1.1.150031
196652^MDC_EVT_HI_VAL_GT_LIM^MDC,1.1.1.150030
196652^MDC_EVT_HI_VAL_GT_LIM^MDC,1.1.1.150057
196652^MDC_EVT_HI_VAL_GT_LIM^MDC,1.1.1.150059
196652^MDC_EVT_HI_VAL_GT_LIM^MDC,1.1.1.150058
196652^MDC_EVT_HI_VAL_GT_LIM^MDC,1.1.1.150681
196652^MDC_EVT_HI_VAL_GT_LIM^MDC,1.1.1.150683
196652^MDC_EVT_HI_VAL_GT_LIM^MDC,1.1.1.150682
196652^MDC_EVT_HI_VAL_GT_LIM^MDC,1.1.1.150649
196652^MDC_EVT_HI_VAL_GT_LIM^MDC,1.1.1.150651
196652^MDC_EVT_HI_VAL_GT_LIM^MDC,1.1.1.150650
196652^MDC_EVT_HI_VAL_GT_LIM^MDC,1.1.1.150017
196652^MDC_EVT_HI_VAL_GT_LIM^MDC,1.1.1.150019
196652^MDC_EVT_HI_VAL_GT_LIM^MDC,1.1.1.150018
196652^MDC_EVT_HI_VAL_GT_LIM^MDC,1.1.2.150017
196652^MDC_EVT_HI_VAL_GT_LIM^MDC,1.1.2.150019
196652^MDC_EVT_HI_VAL_GT_LIM^MDC,1.1.2.150018
196652^MDC_EVT_HI_VAL_GT_LIM^MDC,1.1.3.150017
196652^MDC_EVT_HI_VAL_GT_LIM^MDC,1.1.3.150019
196652^MDC_EVT_HI_VAL_GT_LIM^MDC,1.1.3.150018
196652^MDC_EVT_HI_VAL_GT_LIM^MDC,1.1.4.150017
196652^MDC_EVT_HI_VAL_GT_LIM^MDC,1.1.4.150019
196652^MDC_EVT_HI_VAL_GT_LIM^MDC,1.1.4.150018
196652^MDC_EVT_HI_VAL_GT_LIM^MDC,1.1.5.150017
196652^MDC_EVT_HI_VAL_GT_LIM^MDC,1.1.5.150019
196652^MDC_EVT_HI_VAL_GT_LIM^MDC,1.1.5.150018
196652^MDC_EVT_HI_VAL_GT_LIM^MDC,1.1.6.150017
196652^MDC_EVT_HI_VAL_GT_LIM^MDC,1.1.6.150019
196652^MDC_EVT_HI_VAL_GT_LIM^MDC,1.1.6.150018
196652^MDC_EVT_HI_VAL_GT_LIM^MDC,1.1.7.150017
196652^MDC_EVT_HI_VAL_GT_LIM^MDC,1.1.7.150019
196652^MDC_EVT_HI_VAL_GT_LIM^MDC,1.1.7.150018
196652^MDC_EVT_HI_VAL_GT_LIM^MDC,1.1.8.150017
196652^MDC_EVT_HI_VAL_GT_LIM^MDC,1.1.8.150019
196652^MDC_EVT_HI_VAL_GT_LIM^MDC,1.1.8.150018
196652^MDC_EVT_HI_VAL_GT_LIM^MDC,1.1.1.150087
196652^MDC_EVT_HI_VAL_GT_LIM^MDC,1.1.1.150071
196652^MDC_EVT_HI_VAL_GT_LIM^MDC,1.1.1.150067
196652^MDC_EVT_HI_VAL_GT_LIM^MDC,1.1.1.153611
196652^MDC_EVT_HI_VAL_GT_LIM^MDC,1.1.1.150091
196652^MDC_EVT_HI_VAL_GT_LIM^MDC,1.1.1.150085
196652^MDC_EVT_HI_VAL_GT_LIM^MDC,1.1.1.150069
196652^MDC_EVT_HI_VAL_GT_LIM^MDC,1.1.1.150065
196652^MDC_EVT_HI_VAL_GT_LIM^MDC,1.1.1.153609
196652^MDC_EVT_HI_VAL_GT_LIM^MDC,1.1.1.150089
196652^MDC_EVT_HI_VAL_GT_LIM^MDC,1.1.1.150101
196652^MDC_EVT_HI_VAL_GT_LIM^MDC,1.1.1.150086
196652^MDC_EVT_HI_VAL_GT_LIM^MDC,1.1.1.150070
196652^MDC_EVT_HI_VAL_GT_LIM^MDC,1.1.1.150066
196652^MDC_EVT_HI_VAL_GT_LIM^MDC,1.1.1.153610
196652^MDC_EVT_HI_VAL_GT_LIM^MDC,1.1.1.150090
196652^MDC_EVT_HI_VAL_GT_LIM^MDC,1.1.1.150102
196652^MDC_EVT_HI_VAL_GT_LIM^MDC,1.1.1.150103
196652^MDC_EVT_HI_VAL_GT_LIM^MDC,1.1.2.150037
196652^MDC_EVT_HI_VAL_GT_LIM^MDC,1.1.2.150039
196652^MDC_EVT_HI_VAL_GT_LIM^MDC,1.1.2.150038
196652^MDC_EVT_HI_VAL_GT_LIM^MDC,1.1.1.101
196652^MDC_EVT_HI_VAL_GT_LIM^MDC,1.1.1.103
196652^MDC_EVT_HI_VAL_GT_LIM^MDC,1.1.1.102
196652^MDC_EVT_HI_VAL_GT_LIM^MDC,1.24.1.0
196652^MDC_EVT_HI_VAL_GT_LIM^MDC,1.24.2.0
196652^MDC_EVT_HI_VAL_GT_LIM^MDC,1.24.3.0
196652^MDC_EVT_HI_VAL_GT_LIM^MDC,1.24.4.0
196652^MDC_EVT_HI_VAL_GT_LIM^MDC,1.24.1.116
196652^MDC_EVT_HI_VAL_GT_LIM^MDC,1.24.2.116
196652^MDC_EVT_HI_VAL_GT_LIM^MDC,1.24.3.116
196652^MDC_EVT_HI_VAL_GT_LIM^MDC,1.24.4.116
196652^MDC_EVT_HI_VAL_GT_LIM^MDC,
196674^MDC_EVT_LO_VAL_LT_LIM^MDC,1.7.4.147842
196674^MDC_EVT_LO_VAL_LT_LIM^MDC,1.7.3.131841
196674^MDC_EVT_LO_VAL_LT_LIM^MDC,1.7.3.131842
196674^MDC_EVT_LO_VAL_LT_LIM^MDC,1.7.3.131901
196674^MDC_EVT_LO_VAL_LT_LIM^MDC,1.7.3.131902
196674^MDC_EVT_LO_VAL_LT_LIM^MDC,1.7.3.131903
196674^MDC_EVT_LO_VAL_LT_LIM^MDC,1.1.1.150037
196674^MDC_EVT_LO_VAL_LT_LIM^MDC,1.1.1.150039
196674^MDC_EVT_LO_VAL_LT_LIM^MDC,1.1.1.150038
196674^MDC_EVT_LO_VAL_LT_LIM^MDC,1.1.1.150045
196674^MDC_EVT_LO_VAL_LT_LIM^MDC,1.1.1.150047
196674^MDC_EVT_LO_VAL_LT_LIM^MDC,1.1.1.150046
196674^MDC_EVT_LO_VAL_LT_LIM^MDC,1.1.1.150029
196674^MDC_EVT_LO_VAL_LT_LIM^MDC,1.1.1.150031
196674^MDC_EVT_LO_VAL_LT_LIM^MDC,1.1.1.150030
196674^MDC_EVT_LO_VAL_LT_LIM^MDC,1.1.1.150057
196674^MDC_EVT_LO_VAL_LT_LIM^MDC,1.1.1.150059
196674^MDC_EVT_LO_VAL_LT_LIM^MDC,1.1.1.150058
196674^MDC_EVT_LO_VAL_LT_LIM^MDC,1.1.1.150681
196674^MDC_EVT_LO_VAL_LT_LIM^MDC,1.1.1.150683
196674^MDC_EVT_LO_VAL_LT_LIM^MDC,1.1.1.150682
196674^MDC_EVT_LO_VAL_LT_LIM^MDC,1.1.1.150649
196674^MDC_EVT_LO_VAL_LT_LIM^MDC,1.1.1.150651
196674^MDC_EVT_LO_VAL_LT_LIM^MDC,1.1.1.150650
196674^MDC_EVT_LO_VAL_LT_LIM^MDC,1.1.1.150017
196674^MDC_EVT_LO_VAL_LT_LIM^MDC,1.1.1.150019
196674^MDC_EVT_LO_VAL_LT_LIM^MDC,1.1.1.150018
196674^MDC_EVT_LO_VAL_LT_LIM^MDC,1.1.2.150017
196674^MDC_EVT_LO_VAL_LT_LIM^MDC,1.1.2.150019
196674^MDC_EVT_LO_VAL_LT_LIM^MDC,1.1.2.150018
196674^MDC_EVT_LO_VAL_LT_LIM^MDC,1.1.3.150017
196674^MDC_EVT_LO_VAL_LT_LIM^MDC,1.1.3.150019
196674^MDC_EVT_LO_VAL_LT_LIM^MDC,1.1.3.150018
196674^MDC_EVT_LO_VAL_LT_LIM^MDC,1.1.4.150017
196674^MDC_EVT_LO_VAL_LT_LIM^MDC,1.1.4.150019
196674^MDC_EVT_LO_VAL_LT_LIM^MDC,1.1.4.150018
196674^MDC_EVT_LO_VAL_LT_LIM^MDC,1.1.5.150017
196674^MDC_EVT_LO_VAL_LT_LIM^MDC,1.1.5.150019
196674^MDC_EVT_LO_VAL_LT_LIM^MDC,1.1.5.150018
196674^MDC_EVT_LO_VAL_LT_LIM^MDC,1.1.6.150017
196674^MDC_EVT_LO_VAL_LT_LIM^MDC,1.1.6.150019
196674^MDC_EVT_LO_VAL_LT_LIM^MDC,1.1.6.150018
196674^MDC_EVT_LO_VAL_LT_LIM^MDC,1.1.7.150017
196674^MDC_EVT_LO_VAL_LT_LIM^MDC,1.1.7.150019
196674^MDC_EVT_LO_VAL_LT_LIM^MDC,1.1.7.150018
196674^MDC_EVT_LO_VAL_LT_LIM^MDC,1.1.8.150017
196674^MDC_EVT_LO_VAL_LT_LIM^MDC,1.1.8.150019
196674^MDC_EVT_LO_VAL_LT_LIM^MDC,1.1.8.150018
196674^MDC_EVT_LO_VAL_LT_LIM^MDC,1.1.1.150087
196674^MDC_EVT_LO_VAL_LT_LIM^MDC,1.1.1.150071
196674^MDC_EVT_LO_VAL_LT_LIM^MDC,1.1.1.150067
196674^MDC_EVT_LO_VAL_LT_LIM^MDC,1.1.1.153611
196674^MDC_EVT_LO_VAL_LT_LIM^MDC,1.1.1.150091
196674^MDC_EVT_LO_VAL_LT_LIM^MDC,1.1.1.150085
196674^MDC_EVT_LO_VAL_LT_LIM^MDC,1.1.1.150069
196674^MDC_EVT_LO_VAL_LT_LIM^MDC,1.1.1.150065
196674^MDC_EVT_LO_VAL_LT_LIM^MDC,1.1.1.153609
196674^MDC_EVT_LO_VAL_LT_LIM^MDC,1.1.1.150089
196674^MDC_EVT_LO_VAL_LT_LIM^MDC,1.1.1.150101
196674^MDC_EVT_LO_VAL_LT_LIM^MDC,1.1.1.150086
196674^MDC_EVT_LO_VAL_LT_LIM^MDC,1.1.1.150070
196674^MDC_EVT_LO_VAL_LT_LIM^MDC,1.1.1.150066
196674^MDC_EVT_LO_VAL_LT_LIM^MDC,1.1.1.153610
196674^MDC_EVT_LO_VAL_LT_LIM^MDC,1.1.1.150090
196674^MDC_EVT_LO_VAL_LT_LIM^MDC,1.1.1.150102
196674^MDC_EVT_LO_VAL_LT_LIM^MDC,1.1.1.150103
196674^MDC_EVT_LO_VAL_LT_LIM^MDC,1.1.2.150037
196674^MDC_EVT_LO_VAL_LT_LIM^MDC,1.1.2.150039
196674^MDC_EVT_LO_VAL_LT_LIM^MDC,1.1.2.150038
196674^MDC_EVT_LO_VAL_LT_LIM^MDC,1.1.1.101
196674^MDC_EVT_LO_VAL_LT_LIM^MDC,1.1.1.103
196674^MDC_EVT_LO_VAL_LT_LIM^MDC,1.1.1.102
196674^MDC_EVT_LO_VAL_LT_LIM^MDC,1.24.1.0
196674^MDC_EVT_LO_VAL_LT_LIM^MDC,1.24.2.0
196674^MDC_EVT_LO_VAL_LT_LIM^MDC,1.24.3.0
196674^MDC_EVT_LO_VAL_LT_LIM^MDC,1.24.4.0
196674^MDC_EVT_LO_VAL_LT_LIM^MDC,1.24.1.116
196674^MDC_EVT_LO_VAL_LT_LIM^MDC,1.24.2.116
196674^MDC_EVT_LO_VAL_LT_LIM^MDC,1.24.3.116
196674^MDC_EVT_LO_VAL_LT_LIM^MDC,1.24.4.116
196674^MDC_EVT_LO_VAL_LT_LIM^MDC,1.3.1.150456
196674^MDC_EVT_LO_VAL_LT_LIM^MDC,1.1.9.150021
196674^MDC_EVT_LO_VAL_LT_LIM^MDC,1.1.9.150023
196674^MDC_EVT_LO_VAL_LT_LIM^MDC,1.1.9.150022
196674^MDC_EVT_LO_VAL_LT_LIM^MDC,1.2.1.150344
196674^MDC_EVT_LO_VAL_LT_LIM^MDC,1.2.1.150392
196674^MDC_EVT_LO_VAL_LT_LIM^MDC,1.2.1.150352
196674^MDC_EVT_LO_VAL_LT_LIM^MDC,1.2.1.150396
196674^MDC_EVT_LO_VAL_LT_LIM^MDC,1.2.1.188424
196674^MDC_EVT_LO_VAL_LT_LIM^MDC,1.2.1.150388
196674^MDC_EVT_LO_VAL_LT_LIM^MDC,1.2.1.150368
196674^MDC_EVT_LO_VAL_LT_LIM^MDC,1.2.1.188496
196674^MDC_EVT_LO_VAL_LT_LIM^MDC,1.2.1.150380
196674^MDC_EVT_LO_VAL_LT_LIM^MDC,1.2.1.150372
196674^MDC_EVT_LO_VAL_LT_LIM^MDC,1.2.1.188420
196674^MDC_EVT_LO_VAL_LT_LIM^MDC,1.2.1.188508
196674^MDC_EVT_LO_VAL_LT_LIM^MDC,1.2.1.150356
196674^MDC_EVT_LO_VAL_LT_LIM^MDC,1.2.1.150348
196674^MDC_EVT_LO_VAL_LT_LIM^MDC,1.2.1.188436
196674^MDC_EVT_LO_VAL_LT_LIM^MDC,1.2.1.188500
196674^MDC_EVT_LO_VAL_LT_LIM^MDC,1.2.1.112
196674^MDC_EVT_LO_VAL_LT_LIM^MDC,1.2.1.471
196674^MDC_EVT_LO_VAL_LT_LIM^MDC,1.2.1.188428
196674^MDC_EVT_LO_VAL_LT_LIM^MDC,1.2.2.150344
196674^MDC_EVT_LO_VAL_LT_LIM^MDC,1.2.2.150392
196674^MDC_EVT_LO_VAL_LT_LIM^MDC,1.2.2.150352
196674^MDC_EVT_LO_VAL_LT_LIM^MDC,1.2.2.150396
196674^MDC_EVT_LO_VAL_LT_LIM^MDC,1.2.2.188424
196674^MDC_EVT_LO_VAL_LT_LIM^MDC,1.2.2.150388
196674^MDC_EVT_LO_VAL_LT_LIM^MDC,1.2.2.150368
196674^MDC_EVT_LO_VAL_LT_LIM^MDC,1.2.2.188496
196674^MDC_EVT_LO_VAL_LT_LIM^MDC,1.2.2.150380
196674^MDC_EVT_LO_VAL_LT_LIM^MDC,1.2.2.150372
196674^MDC_EVT_LO_VAL_LT_LIM^MDC,1.2.2.188420
196674^MDC_EVT_LO_VAL_LT_LIM^MDC,1.2.2.188508
196674^MDC_EVT_LO_VAL_LT_LIM^MDC,1.2.2.150356
196674^MDC_EVT_LO_VAL_LT_LIM^MDC,1.2.2.150348
196674^MDC_EVT_LO_VAL_LT_LIM^MDC,1.2.2.188436
196674^MDC_EVT_LO_VAL_LT_LIM^MDC,1.2.2.188500
196674^MDC_EVT_LO_VAL_LT_LIM^MDC,1.2.2.112
196674^MDC_EVT_LO_VAL_LT_LIM^MDC,1.2.2.471
196674^MDC_EVT_LO_VAL_LT_LIM^MDC,1.2.2.188428
196674^MDC_EVT_LO_VAL_LT_LIM^MDC,1.2.3.150344
196674^MDC_EVT_LO_VAL_LT_LIM^MDC,1.2.3.150392
196674^MDC_EVT_LO_VAL_LT_LIM^MDC,1.2.3.150352
196674^MDC_EVT_LO_VAL_LT_LIM^MDC,1.2.3.150396
196674^MDC_EVT_LO_VAL_LT_LIM^MDC,1.2.3.188424
196674^MDC_EVT_LO_VAL_LT_LIM^MDC,1.2.3.150388
196674^MDC_EVT_LO_VAL_LT_LIM^MDC,1.2.3.150368
196674^MDC_EVT_LO_VAL_LT_LIM^MDC,1.2.3.188496
196674^MDC_EVT_LO_VAL_LT_LIM^MDC,1.2.3.150380
196674^MDC_EVT_LO_VAL_LT_LIM^MDC,1.2.3.150372
196674^MDC_EVT_LO_VAL_LT_LIM^MDC,1.2.3.188420
196674^MDC_EVT_LO_VAL_LT_LIM^MDC,1.2.3.188508
196674^MDC_EVT_LO_VAL_LT_LIM^MDC,1.2.3.150356
196674^MDC_EVT_LO_VAL_LT_LIM^MDC,1.2.3.150348
196674^MDC_EVT_LO_VAL_LT_LIM^MDC,1.2.3.188436
196674^MDC_EVT_LO_VAL_LT_LIM^MDC,1.2.3.188500
196674^MDC_EVT_LO_VAL_LT_LIM^MDC,1.2.3.112
196674^MDC_EVT_LO_VAL_LT_LIM^MDC,1.2.3.471
196674^MDC_EVT_LO_VAL_LT_LIM^MDC,1.2.3.188428
196674^MDC_EVT_LO_VAL_LT_LIM^MDC,1.2.5.150344
196674^MDC_EVT_LO_VAL_LT_LIM^MDC,1.2.5.150392
196674^MDC_EVT_LO_VAL_LT_LIM^MDC,1.2.5.150352
196674^MDC_EVT_LO_VAL_LT_LIM^MDC,1.2.5.150396
196674^MDC_EVT_LO_VAL_LT_LIM^MDC,1.2.5.188424
196674^MDC_EVT_LO_VAL_LT_LIM^MDC,1.2.5.150388
196674^MDC_EVT_LO_VAL_LT_LIM^MDC,1.2.5.150368
196674^MDC_EVT_LO_VAL_LT_LIM^MDC,1.2.5.188496
196674^MDC_EVT_LO_VAL_LT_LIM^MDC,1.2.5.150380
196674^MDC_EVT_LO_VAL_LT_LIM^MDC,1.2.5.150372
196674^MDC_EVT_LO_VAL_LT_LIM^MDC,1.2.5.188420
196674^MDC_EVT_LO_VAL_LT_LIM^MDC,1.2.5.188508
196674^MDC_EVT_LO_VAL_LT_LIM^MDC,1.2.5.150356
196674^MDC_EVT_LO_VAL_LT_LIM^MDC,1.2.5.150348
196674^MDC_EVT_LO_VAL_LT_LIM^MDC,1.2.5.188436
196674^MDC_EVT_LO_VAL_LT_LIM^MDC,1.2.5.188500
196674^MDC_EVT_LO_VAL_LT_LIM^MDC,1.2.5.112
196674^MDC_EVT_LO_VAL_LT_LIM^MDC,1.2.5.471
196674^MDC_EVT_LO_VAL_LT_LIM^MDC,1.2.5.188428
196674^MDC_EVT_LO_VAL_LT_LIM^MDC,1.2.6.150344
196674^MDC_EVT_LO_VAL_LT_LIM^MDC,1.2.6.150392
196674^MDC_EVT_LO_VAL_LT_LIM^MDC,1.2.6.150352
196674^MDC_EVT_LO_VAL_LT_LIM^MDC,1.2.6.150396
196674^MDC_EVT_LO_VAL_LT_LIM^MDC,1.2.6.188424
196674^MDC_EVT_LO_VAL_LT_LIM^MDC,1.2.6.150388
196674^MDC_EVT_LO_VAL_LT_LIM^MDC,1.2.6.150368
196674^MDC_EVT_LO_VAL_LT_LIM^MDC,1.2.6.188496
196674^MDC_EVT_LO_VAL_LT_LIM^MDC,1.2.6.150380
196674^MDC_EVT_LO_VAL_LT_LIM^MDC,1.2.6.150372
196674^MDC_EVT_LO_VAL_LT_LIM^MDC,1.2.6.188420
196674^MDC_EVT_LO_VAL_LT_LIM^MDC,1.2.6.188508
196674^MDC_EVT_LO_VAL_LT_LIM^MDC,1.2.6.150356
196674^MDC_EVT_LO_VAL_LT_LIM^MDC,1.2.6.150348
196674^MDC_EVT_LO_VAL_LT_LIM^MDC,1.2.6.188436
196674^MDC_EVT_LO_VAL_LT_LIM^MDC,1.2.6.188500
196674^MDC_EVT_LO_VAL_LT_LIM^MDC,1.2.6.112
196674^MDC_EVT_LO_VAL_LT_LIM^MDC,1.2.6.471
196674^MDC_EVT_LO_VAL_LT_LIM^MDC,1.2.6.188428
196674^MDC_EVT_LO_VAL_LT_LIM^MDC,1.2.7.150344
196674^MDC_EVT_LO_VAL_LT_LIM^MDC,1.2.7.150392
196674^MDC_EVT_LO_VAL_LT_LIM^MDC,1.2.7.150352
196674^MDC_EVT_LO_VAL_LT_LIM^MDC,1.2.7.150396
196674^MDC_EVT_LO_VAL_LT_LIM^MDC,1.2.7.188424
196674^MDC_EVT_LO_VAL_LT_LIM^MDC,1.2.7.150388
196674^MDC_EVT_LO_VAL_LT_LIM^MDC,1.2.7.150368
196674^MDC_EVT_LO_VAL_LT_LIM^MDC,1.2.7.188496
196674^MDC_EVT_LO_VAL_LT_LIM^MDC,1.2.7.150380
196674^MDC_EVT_LO_VAL_LT_LIM^MDC,1.2.7.150372
196674^MDC_EVT_LO_VAL_LT_LIM^MDC,1.2.7.188420
196674^MDC_EVT_LO_VAL_LT_LIM^MDC,1.2.7.188508
196674^MDC_EVT_LO_VAL_LT_LIM^MDC,1.2.7.150356
196674^MDC_EVT_LO_VAL_LT_LIM^MDC,1.2.7.150348
196674^MDC_EVT_LO_VAL_LT_LIM^MDC,1.2.7.188436
196674^MDC_EVT_LO_VAL_LT_LIM^MDC,1.2.7.188500
196674^MDC_EVT_LO_VAL_LT_LIM^MDC,1.2.7.112
196674^MDC_EVT_LO_VAL_LT_LIM^MDC,1.2.7.471
196674^MDC_EVT_LO_VAL_LT_LIM^MDC,1.2.7.188428
196674^MDC_EVT_LO_VAL_LT_LIM^MDC,1.2.8.150344
196674^MDC_EVT_LO_VAL_LT_LIM^MDC,1.2.8.150392
196674^MDC_EVT_LO_VAL_LT_LIM^MDC,1.2.8.150352
196674^MDC_EVT_LO_VAL_LT_LIM^MDC,1.2.8.150396
196674^MDC_EVT_LO_VAL_LT_LIM^MDC,1.2.8.188424
196674^MDC_EVT_LO_VAL_LT_LIM^MDC,1.2.8.150388
196674^MDC_EVT_LO_VAL_LT_LIM^MDC,1.2.8.150368
196674^MDC_EVT_LO_VAL_LT_LIM^MDC,1.2.8.188496
196674^MDC_EVT_LO_VAL_LT_LIM^MDC,1.2.8.150380
196674^MDC_EVT_LO_VAL_LT_LIM^MDC,1.2.8.150372
196674^MDC_EVT_LO_VAL_LT_LIM^MDC,1.2.8.188420
196674^MDC_EVT_LO_VAL_LT_LIM^MDC,1.2.8.188508
196674^MDC_EVT_LO_VAL_LT_LIM^MDC,1.2.8.150356
196674^MDC_EVT_LO_VAL_LT_LIM^MDC,1.2.8.150348
196674^MDC_EVT_LO_VAL_LT_LIM^MDC,1.2.8.188436
196674^MDC_EVT_LO_VAL_LT_LIM^MDC,1.2.8.188500
196674^MDC_EVT_LO_VAL_LT_LIM^MDC,1.2.8.112
196674^MDC_EVT_LO_VAL_LT_LIM^MDC,1.2.8.471
196674^MDC_EVT_LO_VAL_LT_LIM^MDC,1.2.8.188428
196674^MDC_EVT_LO_VAL_LT_LIM^MDC,1.2.9.150344
196674^MDC_EVT_LO_VAL_LT_LIM^MDC,1.2.9.150392
196674^MDC_EVT_LO_VAL_LT_LIM^MDC,1.2.9.150352
196674^MDC_EVT_LO_VAL_LT_LIM^MDC,1.2.9.150396
196674^MDC_EVT_LO_VAL_LT_LIM^MDC,1.2.9.188424
196674^MDC_EVT_LO_VAL_LT_LIM^MDC,1.2.9.150388
196674^MDC_EVT_LO_VAL_LT_LIM^MDC,1.2.9.150368
196674^MDC_EVT_LO_VAL_LT_LIM^MDC,1.2.9.188496
196674^MDC_EVT_LO_VAL_LT_LIM^MDC,1.2.9.150380
196674^MDC_EVT_LO_VAL_LT_LIM^MDC,1.2.9.150372
196674^MDC_EVT_LO_VAL_LT_LIM^MDC,1.2.9.188420
196674^MDC_EVT_LO_VAL_LT_LIM^MDC,1.2.9.188508
196674^MDC_EVT_LO_VAL_LT_LIM^MDC,1.2.9.150356
196674^MDC_EVT_LO_VAL_LT_LIM^MDC,1.2.9.150348
196674^MDC_EVT_LO_VAL_LT_LIM^MDC,1.2.9.188436
196674^MDC_EVT_LO_VAL_LT_LIM^MDC,1.2.9.188500
196674^MDC_EVT_LO_VAL_LT_LIM^MDC,1.2.9.112
196674^MDC_EVT_LO_VAL_LT_LIM^MDC,1.2.9.471
196674^MDC_EVT_LO_VAL_LT_LIM^MDC,1.2.9.188428
196674^MDC_EVT_LO_VAL_LT_LIM^MDC,1.2.10.150344
196674^MDC_EVT_LO_VAL_LT_LIM^MDC,1.2.10.150392
196674^MDC_EVT_LO_VAL_LT_LIM^MDC,1.2.10.150352
196674^MDC_EVT_LO_VAL_LT_LIM^MDC,1.2.10.150396
196674^MDC_EVT_LO_VAL_LT_LIM^MDC,1.2.10.188424
196674^MDC_EVT_LO_VAL_LT_LIM^MDC,1.2.10.150388
196674^MDC_EVT_LO_VAL_LT_LIM^MDC,1.2.10.150368
196674^MDC_EVT_LO_VAL_LT_LIM^MDC,1.2.10.188496
196674^MDC_EVT_LO_VAL_LT_LIM^MDC,1.2.10.150380
196674^MDC_EVT_LO_VAL_LT_LIM^MDC,1.2.10.150372
196674^MDC_EVT_LO_VAL_LT_LIM^MDC,1.2.10.188420
196674^MDC_EVT_LO_VAL_LT_LIM^MDC,1.2.10.188508
196674^MDC_EVT_LO_VAL_LT_LIM^MDC,1.2.10.150356
196674^MDC_EVT_LO_VAL_LT_LIM^MDC,1.2.10.150348
196674^MDC_EVT_LO_VAL_LT_LIM^MDC,1.2.10.188436
196674^MDC_EVT_LO_VAL_LT_LIM^MDC,1.2.10.188500
196674^MDC_EVT_LO_VAL_LT_LIM^MDC,1.2.10.112
196674^MDC_EVT_LO_VAL_LT_LIM^MDC,1.2.10.471
196674^MDC_EVT_LO_VAL_LT_LIM^MDC,1.2.10.188428
196674^MDC_EVT_LO_VAL_LT_LIM^MDC,
30905^MNDRY_EVT_HI_VAL_GT_EXTREME_LIM^MDC,1.1.9.150021
30905^MNDRY_EVT_HI_VAL_GT_EXTREME_LIM^MDC,1.1.9.150023
30905^MNDRY_EVT_HI_VAL_GT_EXTREME_LIM^MDC,1.1.9.150022
30905^MNDRY_EVT_HI_VAL_GT_EXTREME_LIM^MDC,
30906^MNDRY_EVT_LO_VAL_LT_EXTREME_LIM^MDC,1.1.9.150021
30906^MNDRY_EVT_LO_VAL_LT_EXTREME_LIM^MDC,1.1.9.150023
30906^MNDRY_EVT_LO_VAL_LT_EXTREME_LIM^MDC,1.1.9.150022
30906^MNDRY_EVT_LO_VAL_LT_EXTREME_LIM^MDC,
199680^MDC_EVT_APNEA^MDC,
30104^MNDRY_EVT_FIO2_SHORTAGE^MDC,
197018^MDC_EVT_AL_LIMIT^MDC,
30103^MNDRY_EVT_MAXMAC_MORE_3^MDC,
30126^MNDRY_EVT_ECG_LOST^MDC,
30023^MNDRY_EVT_NO_PLUSE^MDC,
199904^MDC_EVT_ERR_EQU_HR_AND_RR^MDC,
30929^MNDRY_EVT_NO_CHEST_MOVEMENT^MDC,
31016^MNDRY_EVT_CO2_NO_RESP_DETECTED^MDC,
199684^MDC_EVT_ECG_ASYSTOLE^MDC,
30010^MNDRY_EVT_ECG_VFIB_VTAC^MDC,
199814^MDC_EVT_ECG_V_P_C_RonT^MDC,
199820^MDC_EVT_ECG_V_P_C_RUN^MDC,
199880^MDC_EVT_ECG_RHY_CPLT^MDC,
199812^MDC_EVT_ECG_V_P_C^MDC,
199690^MDC_EVT_ECG_BIGEM^MDC,
199844^MDC_EVT_ECG_V_TRIGEM^MDC,
199870^MDC_EVT_ECG_SINUS_TACHY^MDC,
199692^MDC_EVT_ECG_SINUS_BRADY^MDC,
199710^MDC_EVT_ECG_PACING_NON_CAPT^MDC,
199790^MDC_EVT_ECG_PACER_NOT_PACING^MDC,
199686^MDC_EVT_ECG_BEAT_MISSED^MDC,
199828^MDC_EVT_ECG_V_RHY^MDC,
199832^MDC_EVT_ECG_V_TACHY^MDC,
199806^MDC_EVT_ECG_V_FIB^MDC,
199816^MDC_EVT_ECG_V_P_C_MULTIFORM^MDC,
199766^MDC_EVT_ECG_CARD_BEAT_RATE_IRREG^MDC,
30011^MNDRY_EVT_ECG_VENT_BRADY^MDC,
199730^MDC_EVT_ECG_TACHY_EXTREME^MDC,
199694^MDC_EVT_ECG_BRADY_EXTREME^MDC,
30012^MNDRY_EVT_ECG_NONSUS_VTAC^MDC,
199716^MDC_EVT_ECG_PAUSE^MDC,
30107^MNDRY_EVT_ECG_AFIB^MDC,
30108^MNDRY_EVT_FIO2_TOO_LOW^MDC,
199854^MDC_EVT_DESAT^MDC,1.3.1.150456
199854^MDC_EVT_DESAT^MDC,1.3.2.150456
199854^MDC_EVT_DESAT^MDC,
30179^MNDRY_EVT_NURSE_CALL^MDC,
30008^MNDRY_EVT_ECG_ST_SINGLE^MDC,
30009^MNDRY_EVT_ECG_ST_DUAL^MDC,
30106^MNDRY_EVT_NO_HEART_RATE^MDC,
30128^MNDRY_EVT_MIX_GAS^MDC,
30109^MNDRY_EVT_RSO2_CHANGE_LOW^MDC,1.24.1.0
30109^MNDRY_EVT_RSO2_CHANGE_LOW^MDC,1.24.2.0
30109^MNDRY_EVT_RSO2_CHANGE_LOW^MDC,1.24.3.0
30109^MNDRY_EVT_RSO2_CHANGE_LOW^MDC,1.24.4.0
30109^MNDRY_EVT_RSO2_CHANGE_LOW^MDC,1.24.1.116
30109^MNDRY_EVT_RSO2_CHANGE_LOW^MDC,1.24.2.116
30109^MNDRY_EVT_RSO2_CHANGE_LOW^MDC,1.24.3.116
30109^MNDRY_EVT_RSO2_CHANGE_LOW^MDC,1.24.4.116
30109^MNDRY_EVT_RSO2_CHANGE_LOW^MDC,
30756^MNDRY_EVT_NMT_BLOCK_RECOVERY^MDC,
30044^MNDRY_EVT_PHYS_ALM_VIOLATION_UNKNOWN^MDC,
30101^MNDRY_EVT_PHYS_ALM_UNKNOWN^MDC,
30018^MNDRY_EVT_VENT_RESP_APNEA_2_MIN^MDC,
30019^MNDRY_EVT_PRESS_AWAY_SUSTAINTED_HI^MDC,
30111^MNDRY_EVT_PRESSURE_LIMITING^MDC,
30020^MNDRY_EVT_PRESS_AWAY_PSA^MDC,
30021^MNDRY_EVT_PRESS_AWAY_PLIMIT^MDC,
30022^MNDRY_EVT_CONT_PRES_15_SEC^MDC,
30035^MNDRY_EVT_VENT_APNEA_VENT^MDC,
30036^MNDRY_EVT_VENT_PLIMIT_REACHED^MDC,
199864^MDC_EVT_RESP_VOL_BREATHING_IRREG^MDC,
197112^MDC_EVT_VENT_TEMP_AWAY_HI^MDC,
199886^MDC_EVT_RESP_BREATHING_SPONT_ASSIST_PSW^MDC,
30015^MNDRY_EVT_PPS_TI_DIFF^MDC,
30016^MNDRY_EVT_RESP_BREATHING_SPONT_ASSIST_TINSP^MDC,
30038^MNDRY_EVT_VENT_PMAX_REACHED^MDC,
30039^MNDRY_EVT_VENT_PINSPIRED_NOT_ACHIEVED^MDC,
30037^MNDRY_EVT_VENT_PEEP_NOT_ACHIEVED^MDC,
30040^MNDRY_EVT_VENT_NO_PRESSURE_PEEP_CPAP^MDC,
30041^MNDRY_EVT_VENT_VT_NOT_ACHIEVED^MDC,
30049^MNDRY_EVT_VENT_CIRCUIT_O2_HI^MDC,
30050^MNDRY_EVT_VENT_CIRCUIT_O2_LO^MDC,
30051^MNDRY_EVT_VENT_PAUX_TOO_HI^MDC,
30052^MNDRY_EVT_VENT_BASEFLOW_TOO_HI^MDC,
30014^MNDRY_EVT_PEEP_LOSS^MDC,
30017^MNDRY_EVT_BLINE_SUSTAINTED_HI^MDC,
196802^MDC_EVT_BATT_LO^MDC,
30426^MNDRY_EVT_CRITICALLY_LOW_BATTERY^MDC,
30112^MNDRY_EVT_NMT_NO_SENSOR^MDC,
30742^MNDRY_EVT_NMT_NO_STIMULATION_CABLE^MDC,
30659^MNDRY_EVT_NMT_CALIBRATE_ERROR^MDC,
30660^MNDRY_EVT_NMT_PADS_BAD_CONTACT^MDC,
30183^MNDRY_EVT_ALM_TECH_UNKNOWN_CHANNEL^MDC,
30043^MNDRY_EVT_TWSX_TOF_OUTOF_LIMIT^MDC,
30578^MNDRY_EVT_TCGAS_TEMP_HIGH^MDC,
30955^MNDRY_EVT_CABLE_DISCONN^MDC,
30956^MNDRY_EVT_CABLE_EXPIRED^MDC,
30957^MNDRY_EVT_CABLE_INCOMPAT^MDC,
30959^MNDRY_EVT_CABLE_UNRECOGNIZED^MDC,
30954^MNDRY_EVT_CABLE_DEFECT^MDC,
30958^MNDRY_EVT_CABLE_NEAR_EXPIRATION^MDC,
196916^MDC_EVT_SENSOR_DISCONN^MDC,
30991^MNDRY_EVT_SENSOR_EXPIRED^MDC,
30219^MNDRY_EVT_SPO2_INCOMP_SENSOR^MDC,
30994^MNDRY_EVT_SENSOR_UNRECOGNIZED^MDC,
30990^MNDRY_EVT_SENSOR_DEFECT^MDC,
30963^MNDRY_EVT_EMITTER_TEMP_OUT_OF_RANGE^MDC,
30989^MNDRY_EVT_SENSOR_CUR_LIM_EXEEDED^MDC,
30992^MNDRY_EVT_SENSOR_NEAR_EXPIRATION^MDC,
30996^MNDRY_EVT_TAPE_DISCONN^MDC,
30997^MNDRY_EVT_TAPE_EXPIRED^MDC,
30998^MNDRY_EVT_TAPE_INCOMPAT^MDC,
31000^MNDRY_EVT_TAPE_UNRECOGNIZED^MDC,
30995^MNDRY_EVT_TAPE_DEFECT^MDC,
31007^MNDRY_EVT_STAT_SENSOR_CALIBRATING^MDC,
30993^MNDRY_EVT_SENSOR_OFF_PATIENT^MDC,
30211^MNDRY_EVT_SEARCHING_PULSE^MDC,
196662^MDC_EVT_INTERF^MDC,
30965^MNDRY_EVT_PERF_INDEX_LO^MDC,
30004^MNDRY_EVT_STAT_MODE_DEMO^MDC,
30999^MNDRY_EVT_TAPE_NEAR_EXPIRATION^MDC,
30960^MNDRY_EVT_CALIB_LONG^MDC,
30988^MNDRY_EVT_SENSOR_CONN_CHK^MDC,
31009^MNDRY_EVT_STAT_SPO2_ONLY^MDC,
30964^MNDRY_EVT_PATIENT_INTERF^MDC,
30951^MNDRY_EVT_BACKGROUND_INTERF^MDC,
31008^MNDRY_EVT_STAT_SENSOR_INITIALIZING^MDC,
30975^MNDRY_EVT_PULS_OXIM_IQ_SIG_LO^MDC,
30983^MNDRY_EVT_PULS_OXIM_PULSE_RATE_CONF_LO^MDC,
30982^MNDRY_EVT_PULS_OXIM_PULSE_PERF_INDEX_CONF_LO^MDC,
30969^MNDRY_EVT_PULS_OXIM_HB_CO_CONF_LO^MDC,
30970^MNDRY_EVT_PULS_OXIM_HB_CO_PERF_INDEX_LO^MDC,
30971^MNDRY_EVT_PULS_OXIM_HB_MET_CONF_LO^MDC,
30972^MNDRY_EVT_PULS_OXIM_HB_MET_PERF_INDEX_LO^MDC,
30973^MNDRY_EVT_PULS_OXIM_HB_TOTAL_CONF_LO^MDC,
30974^MNDRY_EVT_PULS_OXIM_HB_TOTAL_PERF_INDEX_LO^MDC,
30968^MNDRY_EVT_PULS_OXIM_DI_CONF_LO^MDC,
30979^MNDRY_EVT_PULS_OXIM_PERF_INDEX_DELTA_CONF_LO^MDC,
30966^MNDRY_EVT_PULS_OXIM_CONC_HB_O2_ART_CALC_CONF_LO^MDC,
30967^MNDRY_EVT_PULS_OXIM_CONC_HB_O2_ART_CALC_PERF_INDEX_LO^MDC,
30974^MNDRY_EVT_PULS_OXIM_PLETH_VAR_INDEX_CONF_LO^MDC,
30984^MNDRY_EVT_PULS_OXIM_RESP_RATE_CONF_LO^MDC,
30986^MNDRY_EVT_PULS_OXIM_RESP_RATE_SIG_LO^MDC,
30987^MNDRY_EVT_PULS_OXIM_SENSOR_POSN_PROB^MDC,
30985^MNDRY_EVT_PULS_OXIM_RESP_RATE_PAUSE^MDC,
30947^MNDRY_EVT_ACOUSTIC_RESP_RATE_CONF_LO^MDC,
30949^MNDRY_EVT_ACOUSTIC_RESP_RATE_SIG_LO^MDC,
30950^MNDRY_EVT_ACOUSTIC_RESP_SENSOR_POSN_PROB^MDC,
30948^MNDRY_EVT_ACOUSTIC_RESP_RATE_PAUSE^MDC,
30976^MNDRY_EVT_PULS_OXIM_O2_RES_INDEX_CONF_LO^MDC,
31011^MNDRY_EVT_PULS_OXIM_GLOBAL_PERF_INDEX_LO^MDC,
30961^MNDRY_EVT_DESAT_INDEX_HI^MDC,
30962^MNDRY_EVT_DESAT_INDEX_LO^MDC,
30952^MNDRY_EVT_BLD_PERF_INDEX_DELTA_HI^MDC,
30953^MNDRY_EVT_BLD_PERF_INDEX_DELTA_LO^MDC,
30977^MNDRY_EVT_PULS_OXIM_O2_RES_INDEX_HI^MDC,
30978^MNDRY_EVT_PULS_OXIM_O2_RES_INDEX_LO^MDC,
30183^MNDRY_EVT_STAT_SPOTCHECK^MDC,
30183^MNDRY_EVT_Alarm_SPO2_ALARM_Alarm_Silence^MDC,
31010^MNDRY_EVT_STAT_AUDIO_PAUSED^MDC,
30652^MNDRY_EVT_UNKNOWN_TECH_ALM^MDC,
196880^MDC_EVT_LEAD_OFF^MDC,1.7.0.196880
196880^MDC_EVT_LEAD_OFF^MDC,
30176^MNDRY_EVT_DEVICE_TELEM_ERROR^MDC,
30177^MNDRY_EVT_SCREEN_ERROR^MDC,
196882^MDC_EVT_LEADS_OFF^MDC,
30188^MNDRY_EVT_MODULE_ERROR^MDC,1.24.1.0
30188^MNDRY_EVT_MODULE_ERROR^MDC,1.24.2.0
30188^MNDRY_EVT_MODULE_ERROR^MDC,1.24.3.0
30188^MNDRY_EVT_MODULE_ERROR^MDC,1.24.4.0
30188^MNDRY_EVT_MODULE_ERROR^MDC,1.24.1.116
30188^MNDRY_EVT_MODULE_ERROR^MDC,1.24.2.116
30188^MNDRY_EVT_MODULE_ERROR^MDC,1.24.3.116
30188^MNDRY_EVT_MODULE_ERROR^MDC,1.24.4.116
30188^MNDRY_EVT_MODULE_ERROR^MDC,
30189^MNDRY_EVT_INIT_ERROR^MDC,
30190^MNDRY_EVT_SELFTEST_ERROR^MDC,
30191^MNDRY_EVT_COMM_STOP^MDC,
30192^MNDRY_EVT_COMM_ERROR^MDC,
30131^MNDRY_EVT_ALARM_LIMIT_SAVE_ERROR^MDC,1.1.9.150021
30131^MNDRY_EVT_ALARM_LIMIT_SAVE_ERROR^MDC,1.1.9.150023
30131^MNDRY_EVT_ALARM_LIMIT_SAVE_ERROR^MDC,1.1.9.150022
30131^MNDRY_EVT_ALARM_LIMIT_SAVE_ERROR^MDC,
196682^MDC_EVT_NOISY^MDC,1.7.0.196682
196682^MDC_EVT_NOISY^MDC,
30174^MNDRY_EVT_OUT_OF_RANGE^MDC,1.1.9.150021
30174^MNDRY_EVT_OUT_OF_RANGE^MDC,1.1.9.150023
30174^MNDRY_EVT_OUT_OF_RANGE^MDC,1.1.9.150022
30174^MNDRY_EVT_OUT_OF_RANGE^MDC,
30193^MNDRY_EVT_RESP_DISTURBED^MDC,
30194^MNDRY_EVT_SIGNAL_SATURATION^MDC,
30196^MNDRY_EVT_ECG_OVERLOAD^MDC,
30184^MNDRY_EVT_ECG_INOP^MDC,
30202^MNDRY_EVT_ARTIFACT^MDC,
196736^MDC_EVT_WEAK^MDC,1.7.0.196736
196736^MDC_EVT_WEAK^MDC,1.3.1.196736
196736^MDC_EVT_WEAK^MDC,1.3.2.196736
196736^MDC_EVT_WEAK^MDC,1.1.9.196736
196736^MDC_EVT_WEAK^MDC,
30199^MNDRY_EVT_COFIG_ERROR^MDC,
30200^MNDRY_EVT_POOR_CONTACT^MDC,
30201^MNDRY_EVT_COMM_ABNORMAL^MDC,1.1.9.30201
30201^MNDRY_EVT_COMM_ABNORMAL^MDC,
30127^MNDRY_EVT_RESP_ARTIFACT^MDC,
30222^MNDRY_EVT_CABLE_OFF^MDC,
30210^MNDRY_EVT_PACER_STOPPED_ABNORM^MDC,
30204^MNDRY_EVT_ECG_ESU^MDC,
30205^MNDRY_EVT_LEADS_NOISE^MDC,
30206^MNDRY_EVT_LEADS_OFFSET_ERROR^MDC,
30207^MNDRY_EVT_CABLE_TYPE_ERROR^MDC,
203298^MDC_EVT_ADVIS_LEAD_CHK^MDC,
30669^MNDRY_EVT_UNABLE_ANALYSIS_QT^MDC,
30209^MNDRY_EVT_PACE_SET_ERROR^MDC,
202834^MDC_EVT_STAT_OFF^MDC,1.3.1.202834
202834^MDC_EVT_STAT_OFF^MDC,1.3.2.202834
202834^MDC_EVT_STAT_OFF^MDC,
30212^MNDRY_EVT_UNPLUGGED^MDC,
30213^MNDRY_EVT_SPO2_CHECK_ERROR^MDC,
30214^MNDRY_EVT_SPO2_MOTION^MDC,
196886^MDC_EVT_LIGHT_INTERF^MDC,
30013^MNDRY_EVT_SPO2_LOW_PERFUSION^MDC,
30215^MNDRY_EVT_SPO2_UNRECOGNIZED_SENSOR^MDC,
30216^MNDRY_EVT_SPO2_BOARD_FAULT^MDC,
30217^MNDRY_EVT_SPO2_SENSOR_ERROR^MDC,
30218^MNDRY_EVT_SPO2_NO_SENSOR^MDC,
196676^MDC_EVT_LOST^MDC,
30220^MNDRY_EVT_SPO2_PULSE_ERROR^MDC,
30221^MNDRY_EVT_SPO2_MARGINAL_PERFUSION^MDC,
30048^MNDRY_EVT_SPO2_NO_PLUSE^MDC,
30223^MNDRY_EVT_NIBP_LOSE_CUFF^MDC,
30224^MNDRY_EVT_NIBP_AIR_LEAK^MDC,
30225^MNDRY_EVT_NIBP_AIR_ERROR^MDC,
196774^MDC_EVT_RANGE_OVER^MDC,1.1.9.196774
196774^MDC_EVT_RANGE_OVER^MDC,
30226^MNDRY_EVT_NIBP_EXCESSIVE_MOTION^MDC,
30227^MNDRY_EVT_NIBP_OVER_PRESSURE^MDC,
30228^MNDRY_EVT_NIBP_SIGNAL_SATURATED^MDC,
30229^MNDRY_EVT_NIBP_PNEUMATIC_LEAK^MDC,
30230^MNDRY_EVT_NIBP_SYSTEM_FAILURE^MDC,
30231^MNDRY_EVT_NIBP_TIEMOUT^MDC,
30232^MNDRY_EVT_NIBP_WRONG_CUFF_TYPE^MDC,
196964^MDC_EVT_MSMT_FAIL^MDC,
30233^MNDRY_EVT_NIBP_RESET_ERROR^MDC,
30234^MNDRY_EVT_NIBP_RESET_DUETO_ERROR^MDC,
30235^MNDRY_EVT_VENIPUNCTURE_OVERTIME^MDC,
30237^MNDRY_EVT_TEMP_BOARD_ERROR^MDC,
31001^MNDRY_EVT_TEMP_MODULE_2_ERR^MDC,
31002^MNDRY_EVT_TEMP_MODULE_3_ERR^MDC,
31003^MNDRY_EVT_TEMP_MODULE_4_ERR^MDC,
30238^MNDRY_EVT_TEMP_CALIB_ERROR^MDC,
30239^MNDRY_EVT_TEMP_WARMUP_TIMEOUT^MDC,
30240^MNDRY_EVT_TEMP_WARM_RESISTOR_ERROR^MDC,
30241^MNDRY_EVT_AMBIENT_TEMP_HIGH^MDC,
30242^MNDRY_EVT_AMBIENT_TEMP_LOW^MDC,
31004^MNDRY_EVT_THERM_TEMP_AMBIENT_TEMP_OUT_OF_RANGE^MDC,
30243^MNDRY_EVT_TEMP_VOLTAGE_HIGH^MDC,
30244^MNDRY_EVT_TEMP_VOLTAGE_LOW^MDC,
30245^MNDRY_EVT_TEMP_PREDICTION_ERROR^MDC,
30246^MNDRY_EVT_TEMP_PROBE_OFF^MDC,
30247^MNDRY_EVT_TEMP_WRONG_PROBE^MDC,
30248^MNDRY_EVT_TEMP_NO_PROBE^MDC,
30249^MNDRY_EVT_TEMP_PROBE_MISPLACED^MDC,
30250^MNDRY_EVT_TEMP_WARMING_UP^MDC,
30251^MNDRY_EVT_TEMP_WARMING_STOP^MDC,
30252^MNDRY_EVT_TEMP_PREDICTING^MDC,
30253^MNDRY_EVT_TEMP_PREDICTION_OVER^MDC,
30254^MNDRY_EVT_DEVCEING^MDC,
30255^MNDRY_EVT_DEVCE_OVER^MDC,
30236^MNDRY_EVT_COMM_ABNORMAL^MDC,
30256^MNDRY_EVT_TEMP_MEASURE_TIMEOUT^MDC,
30257^MNDRY_EVT_CANNOT_MEASURE_NEO_RECTAL_TEMP^MDC,
31005^MNDRY_EVT_THERM_TEMP_ERR^MDC,
30258^MNDRY_EVT_BIP_NEED_CALC_ZERO^MDC,1.1.1.0
30258^MNDRY_EVT_BIP_NEED_CALC_ZERO^MDC,1.1.2.0
30258^MNDRY_EVT_BIP_NEED_CALC_ZERO^MDC,1.1.3.0
30258^MNDRY_EVT_BIP_NEED_CALC_ZERO^MDC,1.1.4.0
30258^MNDRY_EVT_BIP_NEED_CALC_ZERO^MDC,1.1.1.150017
30258^MNDRY_EVT_BIP_NEED_CALC_ZERO^MDC,1.1.1.150018
30258^MNDRY_EVT_BIP_NEED_CALC_ZERO^MDC,1.1.1.150019
30258^MNDRY_EVT_BIP_NEED_CALC_ZERO^MDC,1.1.1.149522
30258^MNDRY_EVT_BIP_NEED_CALC_ZERO^MDC,1.1.2.150017
30258^MNDRY_EVT_BIP_NEED_CALC_ZERO^MDC,1.1.2.150018
30258^MNDRY_EVT_BIP_NEED_CALC_ZERO^MDC,1.1.2.150019
30258^MNDRY_EVT_BIP_NEED_CALC_ZERO^MDC,1.1.2.149522
30258^MNDRY_EVT_BIP_NEED_CALC_ZERO^MDC,1.1.3.150017
30258^MNDRY_EVT_BIP_NEED_CALC_ZERO^MDC,1.1.3.150018
30258^MNDRY_EVT_BIP_NEED_CALC_ZERO^MDC,1.1.3.150019
30258^MNDRY_EVT_BIP_NEED_CALC_ZERO^MDC,1.1.3.149522
30258^MNDRY_EVT_BIP_NEED_CALC_ZERO^MDC,1.1.4.150017
30258^MNDRY_EVT_BIP_NEED_CALC_ZERO^MDC,1.1.4.150018
30258^MNDRY_EVT_BIP_NEED_CALC_ZERO^MDC,1.1.4.150019
30258^MNDRY_EVT_BIP_NEED_CALC_ZERO^MDC,1.1.4.149522
30258^MNDRY_EVT_BIP_NEED_CALC_ZERO^MDC,
30259^MNDRY_EVT_IBP_SENSOR_FAULT^MDC,
30260^MNDRY_EVT_IBP_DISCONNECTED^MDC,1.1.1.0
30260^MNDRY_EVT_IBP_DISCONNECTED^MDC,1.1.2.0
30260^MNDRY_EVT_IBP_DISCONNECTED^MDC,1.1.3.0
30260^MNDRY_EVT_IBP_DISCONNECTED^MDC,1.1.4.0
30260^MNDRY_EVT_IBP_DISCONNECTED^MDC,1.1.11.0
30260^MNDRY_EVT_IBP_DISCONNECTED^MDC,1.1.13.0
30260^MNDRY_EVT_IBP_DISCONNECTED^MDC,1.1.1.150037
30260^MNDRY_EVT_IBP_DISCONNECTED^MDC,1.1.1.150038
30260^MNDRY_EVT_IBP_DISCONNECTED^MDC,1.1.1.150039
30260^MNDRY_EVT_IBP_DISCONNECTED^MDC,1.1.1.364
30260^MNDRY_EVT_IBP_DISCONNECTED^MDC,1.1.11.150037
30260^MNDRY_EVT_IBP_DISCONNECTED^MDC,1.1.11.150038
30260^MNDRY_EVT_IBP_DISCONNECTED^MDC,1.1.11.150039
30260^MNDRY_EVT_IBP_DISCONNECTED^MDC,1.1.13.150037
30260^MNDRY_EVT_IBP_DISCONNECTED^MDC,1.1.13.150038
30260^MNDRY_EVT_IBP_DISCONNECTED^MDC,1.1.13.150039
30260^MNDRY_EVT_IBP_DISCONNECTED^MDC,1.1.13.150041
30260^MNDRY_EVT_IBP_DISCONNECTED^MDC,1.1.13.364
30260^MNDRY_EVT_IBP_DISCONNECTED^MDC,1.1.1.150029
30260^MNDRY_EVT_IBP_DISCONNECTED^MDC,1.1.1.150030
30260^MNDRY_EVT_IBP_DISCONNECTED^MDC,1.1.1.150031
30260^MNDRY_EVT_IBP_DISCONNECTED^MDC,1.1.1.372
30260^MNDRY_EVT_IBP_DISCONNECTED^MDC,1.1.1.150057
30260^MNDRY_EVT_IBP_DISCONNECTED^MDC,1.1.1.150058
30260^MNDRY_EVT_IBP_DISCONNECTED^MDC,1.1.1.150059
30260^MNDRY_EVT_IBP_DISCONNECTED^MDC,1.1.1.365
30260^MNDRY_EVT_IBP_DISCONNECTED^MDC,1.1.1.150649
30260^MNDRY_EVT_IBP_DISCONNECTED^MDC,1.1.1.150650
30260^MNDRY_EVT_IBP_DISCONNECTED^MDC,1.1.1.150651
30260^MNDRY_EVT_IBP_DISCONNECTED^MDC,1.1.1.374
30260^MNDRY_EVT_IBP_DISCONNECTED^MDC,1.1.1.150681
30260^MNDRY_EVT_IBP_DISCONNECTED^MDC,1.1.1.150682
30260^MNDRY_EVT_IBP_DISCONNECTED^MDC,1.1.1.150683
30260^MNDRY_EVT_IBP_DISCONNECTED^MDC,1.1.1.373
30260^MNDRY_EVT_IBP_DISCONNECTED^MDC,1.1.1.150101
30260^MNDRY_EVT_IBP_DISCONNECTED^MDC,1.1.1.150102
30260^MNDRY_EVT_IBP_DISCONNECTED^MDC,1.1.1.150103
30260^MNDRY_EVT_IBP_DISCONNECTED^MDC,1.1.1.366
30260^MNDRY_EVT_IBP_DISCONNECTED^MDC,1.1.11.150033
30260^MNDRY_EVT_IBP_DISCONNECTED^MDC,1.1.11.150034
30260^MNDRY_EVT_IBP_DISCONNECTED^MDC,1.1.11.150035
30260^MNDRY_EVT_IBP_DISCONNECTED^MDC,1.1.11.364
30260^MNDRY_EVT_IBP_DISCONNECTED^MDC,1.1.1.150017
30260^MNDRY_EVT_IBP_DISCONNECTED^MDC,1.1.1.150018
30260^MNDRY_EVT_IBP_DISCONNECTED^MDC,1.1.1.150019
30260^MNDRY_EVT_IBP_DISCONNECTED^MDC,1.1.1.149522
30260^MNDRY_EVT_IBP_DISCONNECTED^MDC,1.1.2.150017
30260^MNDRY_EVT_IBP_DISCONNECTED^MDC,1.1.2.150018
30260^MNDRY_EVT_IBP_DISCONNECTED^MDC,1.1.2.150019
30260^MNDRY_EVT_IBP_DISCONNECTED^MDC,1.1.2.149522
30260^MNDRY_EVT_IBP_DISCONNECTED^MDC,1.1.3.150017
30260^MNDRY_EVT_IBP_DISCONNECTED^MDC,1.1.3.150018
30260^MNDRY_EVT_IBP_DISCONNECTED^MDC,1.1.3.150019
30260^MNDRY_EVT_IBP_DISCONNECTED^MDC,1.1.3.149522
30260^MNDRY_EVT_IBP_DISCONNECTED^MDC,1.1.4.150017
30260^MNDRY_EVT_IBP_DISCONNECTED^MDC,1.1.4.150018
30260^MNDRY_EVT_IBP_DISCONNECTED^MDC,1.1.4.150019
30260^MNDRY_EVT_IBP_DISCONNECTED^MDC,1.1.4.149522
30260^MNDRY_EVT_IBP_DISCONNECTED^MDC,
30261^MNDRY_EVT_CO_NO_SENSOR^MDC,
30262^MNDRY_EVT_TB_CALIBRATION_ERROR^MDC,
30263^MNDRY_EVT_TI_CALIBRATION_ERROR^MDC,
30265^MNDRY_EVT_CO2_STANDBY^MDC,
30266^MNDRY_EVT_CO2_WARM_UP^MDC,
30267^MNDRY_EVT_CO2_SENSOR_WARM_UP^MDC,
30268^MNDRY_EVT_CO2_NO_WATERTRAP^MDC,
30269^MNDRY_EVT_CO2_WATERTRAP_OCCLUDE^MDC,
30270^MNDRY_EVT_CO2_SIGNAL_LOW^MDC,
30271^MNDRY_EVT_CO2_SIGNAL_TOO_LOW^MDC,
30272^MNDRY_EVT_CO2_BAROMETRIC_TOO_LARGE^MDC,
30273^MNDRY_EVT_CO2_PNEUMATIC_LEAK^MDC,
30274^MNDRY_EVT_CO2_SIGNAL_NOISY^MDC,
30275^MNDRY_EVT_CO2_SIGNAL_SATURATED^MDC,
30276^MNDRY_EVT_CO2_CALCU_ERROR^MDC,
30277^MNDRY_EVT_CO2_SENSOR_FAULT^MDC,
30278^MNDRY_EVT_CO2_SENSOR_TEMP_HIGH^MDC,
30279^MNDRY_EVT_CO2_SENSOR_TEMP_LOW^MDC,
30280^MNDRY_EVT_CO2_WATCHDOG_TIMEOUT^MDC,
30281^MNDRY_EVT_CO2_SYSTEM_ERROR^MDC,
30282^MNDRY_EVT_CO2_PUMP_FAULT^MDC,
30283^MNDRY_EVT_CO2_REVERSE_FLOW^MDC,
30284^MNDRY_EVT_CO2_FORWARD_FLOW^MDC,
30285^MNDRY_EVT_CO2_MALFUNCTION^MDC,
30286^MNDRY_EVT_CO2_BAROMETRIC_HIGH^MDC,
30287^MNDRY_EVT_CO2_BAROMETRIC_LOW^MDC,
30287^MNDRY_EVT_CO2_LIMIT_CHANGED^MDC,
30288^MNDRY_EVT_INSCO2_LIMIT_CHANGED^MDC,
30289^MNDRY_EVT_AWRR_LIMIT_CHANGED^MDC,
30290^MNDRY_EVT_CO2_MAINTAIN^MDC,
30291^MNDRY_EVT_CO2_START_UP^MDC,
30292^MNDRY_EVT_CO2_CALIB_ZERO^MDC,
30293^MNDRY_EVT_CO2_CALIBRATE^MDC,
30294^MNDRY_EVT_CO2_AIRWAY_PRESS_HIGH^MDC,
30295^MNDRY_EVT_CO2_AIRWAY_PRESS_LOW^MDC,
30296^MNDRY_EVT_CO2_HARDWARE_ERROR^MDC,
30297^MNDRY_EVT_CO2_FITER_LINE_ABNORMAL^MDC,
30298^MNDRY_EVT_CO2_ZEROING_FAILED^MDC,
30299^MNDRY_EVT_CO2_USER_CALIB_FAILED^MDC,
30300^MNDRY_EVT_CO2_FACTORY_CALIB_FAILED^MDC,
30301^MNDRY_EVT_EX_A/D_2_5V_POWER_ERROR^MDC,
30302^MNDRY_EVT_CO2_12V_POWER_ERROR^MDC,
30303^MNDRY_EVT_IN_A/D_2_5V_POWER_ERROR^MDC,
30304^MNDRY_EVT_CO2_PUMP_ABNORMAL^MDC,
30305^MNDRY_EVT_CO2_VALVE_ABNORMAL^MDC,
30306^MNDRY_EVT_CO2_MOTOR_ABMORMAL^MDC,
30307^MNDRY_EVT_CO2_FLOW_CTR_ERROR^MDC,
30308^MNDRY_EVT_CO2_FACTORY_CALIB_INVALID^MDC,
30309^MNDRY_EVT_EEPROM_R/M_ADDR_ERROR^MDC,
30310^MNDRY_EVT_EEPROM_R/M_LEN_ERROR^MDC,
30311^MNDRY_EVT_EEPROM_RESPONSE_ERROR^MDC,
30312^MNDRY_EVT_EEPROM_CHECKSUM_ERROR^MDC,
30313^MNDRY_EVT_EXAD_SAMPLE_CHANNEL_ERROR^MDC,
30314^MNDRY_EVT_INAD_SAMPLE_CHANNEL_ERROR^MDC,
30315^MNDRY_EVT_COMM_TXD_BUFFER_FULL^MDC,
30316^MNDRY_EVT_COMM_RXD_REGISTER_ERROR^MDC,
30317^MNDRY_EVT_COMM_RXD_BUFFER_FULL^MDC,
30318^MNDRY_EVT_COMM_RXD_OVERTIME^MDC,
30319^MNDRY_EVT_COMM_RXD_ILLEGAL_ASCII^MDC,
30320^MNDRY_EVT_COMM_RXD_FRAME_ERROR^MDC,
30321^MNDRY_EVT_COMM_RXD_LENGTH_ERROR^MDC,
30322^MNDRY_EVT_CO2_POWER_UP^MDC,
30323^MNDRY_EVT_CO2_SFM^MDC,
30324^MNDRY_EVT_CO2_INITIALIZING^MDC,
30325^MNDRY_EVT_CO2_CHECK_CALIBRATION^MDC,
30326^MNDRY_EVT_CO2_CHECK_ARIWAY^MDC,
30327^MNDRY_EVT_CO2_FILTERLINE_OCCLUDED^MDC,
30328^MNDRY_EVT_CO2_NO_FILTERLINE^MDC,
30329^MNDRY_EVT_CO2_PURGING^MDC,
30330^MNDRY_EVT_CO2_CALIB_ERROR^MDC,
30331^MNDRY_EVT_CO2_BAROMETRIC_TOO_HIGH^MDC,
30332^MNDRY_EVT_CO2_BAROMETRIC_TOO_LOW^MDC,
30333^MNDRY_EVT_CO2_REQUIRE_ZERO^MDC,
30334^MNDRY_EVT_CO2_CHECK_ADAPTER^MDC,
30335^MNDRY_EVT_CO2_MAIN_BOARD_ERROR^MDC,
30336^MNDRY_EVT_CO2_REPLACE_PUMP^MDC,
30337^MNDRY_EVT_CO2_CHECK_PCB^MDC,
30338^MNDRY_EVT_CO2_NO_SENSOR^MDC,
30339^MNDRY_EVT_CO2_NORMALIZATION_FAIL^MDC,
30672^MNDRY_EVT_CO2_NEED_CHANGE_WATERTRAP^MDC,
30673^MNDRY_EVT_WATERTRAP_MISMATCH_PATIENT^MDC,
203286^MDC_EVT_ADVIS_BATT_REPLACE^MDC,
30341^MNDRY_EVT_CO2_O2_ERROR^MDC,
30345^MNDRY_EVT_AG_NO_WATERTRAP^MDC,
30346^MNDRY_EVT_AG_CHANGE_WATERTRAP^MDC,
30347^MNDRY_EVT_AG_WRONG_WATERTRAP^MDC,
30348^MNDRY_EVT_AG_OCCLUSION^MDC,
30349^MNDRY_EVT_AG_HARDWARE_ERROR^MDC,
30350^MNDRY_EVT_AG_PARAMAGNETIC_O2_ERROR^MDC,
30351^MNDRY_EVT_AG_GALVANIC_O2_SENSOR_ERROR^MDC,
30352^MNDRY_EVT_AG_OXIMA_DEPLETION_WARN^MDC,
30353^MNDRY_EVT_AG_OXIMA_DEPLETION_ERROR^MDC,
30354^MNDRY_EVT_AG_DATA_LIMIT_ERROR^MDC,
30355^MNDRY_EVT_AG_ACCURACY_ERROR^MDC,
30356^MNDRY_EVT_AG_ZEROING_FAILED^MDC,
30357^MNDRY_EVT_AG_CALIB_FAILED^MDC,
30358^MNDRY_EVT_AG_CO2_ACCURACY_UNSPECIFIED^MDC,
30359^MNDRY_EVT_AG_O2_ACCURACY_UNSPECIFIED^MDC,
30360^MNDRY_EVT_AG_N2O_ACCURACY_UNSPECIFIED^MDC,
30264^MNDRY_EVT_AG_RR_ACCURACY_UNSPECIFIED^MDC,
30364^MNDRY_EVT_AG_HAL_ACCURACY_UNSPECIFIED^MDC,
30361^MNDRY_EVT_AG_ENF_ACCURACY_UNSPECIFIED^MDC,
30362^MNDRY_EVT_AG_ISO_ACCURACY_UNSPECIFIED^MDC,
30363^MNDRY_EVT_AG_SEV_ACCURACY_UNSPECIFIED^MDC,
30365^MNDRY_EVT_AG_DES_ACCURACY_UNSPECIFIED^MDC,
30368^MNDRY_EVT_AG_NOT_CONNECTED^MDC,
30369^MNDRY_EVT_AG_ZEROING^MDC,
30370^MNDRY_EVT_NMT_NO_MAIN_CABLE^MDC,
30113^MNDRY_EVT_NMT_ELECTRODE_OFF^MDC,
30114^MNDRY_EVT_NMT_SENSOR_COMM_ERROR^MDC,
30115^MNDRY_EVT_NMT_SMLT_OVER_LIMIT^MDC,
30116^MNDRY_EVT_NMT_COMM_ABNORM^MDC,
30117^MNDRY_EVT_NMT_COMM_STOP^MDC,
30118^MNDRY_EVT_NMT_COMM_ERR^MDC,
30120^MNDRY_EVT_NMT_INIT_ERR^MDC,
30121^MNDRY_EVT_NMT_SELFTEST_ERR^MDC,
30122^MNDRY_EVT_NMT_POWER_ERR^MDC,
30123^MNDRY_EVT_NMT_RESET_ABNORM^MDC,
30371^MNDRY_EVT_NMT_SENSOR_FAILURE^MDC,
30372^MNDRY_EVT_SYSTEM_WD_FAILURE^MDC,
30373^MNDRY_EVT_SYSTEM_SOFTWARE_ERROR^MDC,
30374^MNDRY_EVT_SYSTEM_CMOS_FULL^MDC,
30375^MNDRY_EVT_SYSTEM_CMOS_ERROR^MDC,
30376^MNDRY_EVT_SYSTEM_FPGA_FAILURE^MDC,
30377^MNDRY_EVT_RT_CLOCK_NEED_RESET^MDC,
30378^MNDRY_EVT_RT_CLOCK_NOT_EXIST^MDC,
30379^MNDRY_EVT_SYSTEM_FAILURE^MDC,
30380^MNDRY_EVT_CF_STORAGE_CARD_ERROR^MDC,
30381^MNDRY_EVT_IP_CONFLICT^MDC,
30382^MNDRY_EVT_PARA_ACCURACY_ERROR^MDC,
30383^MNDRY_EVT_LOAD_USER_CFG_FAIL^MDC,
30384^MNDRY_EVT_LOAD_FACTORY_CFG_FAIL^MDC,
30385^MNDRY_EVT_LOAD_RECENT_CFG_FAIL^MDC,
30386^MNDRY_EVT_LOAD_DEFUALT_CFG_FAIL^MDC,
30387^MNDRY_EVT_STORAGE_CARD_SPACE_LOW^MDC,
197148^MDC_EVT_VENT_TEMP_HI^MDC,
30388^MNDRY_EVT_NO_FAN^MDC,
30389^MNDRY_EVT_NO_SPEAKER^MDC,
30390^MNDRY_EVT_NO_DATA_CARD^MDC,
30391^MNDRY_EVT_DATA_CARD_ERROR^MDC,
30392^MNDRY_EVT_ECG_ALG_MISMATCH^MDC,
30393^MNDRY_EVT_LAST_USER_TEST_FAILED^MDC,
30394^MNDRY_EVT_LAST_AUTO_TEST_FAILED^MDC,
30395^MNDRY_EVT_LOAD_CFG_ERROR^MDC,
30396^MNDRY_EVT_DEFIB_MALFUNCTION^MDC,
30397^MNDRY_EVT_PACER_MALFUNCTION^MDC,
30398^MNDRY_EVT_DISARMING_FAILED^MDC,
30399^MNDRY_EVT_MONITOR_MODULE_RESET_ERROR^MDC,
30400^MNDRY_EVT_MONITOR_MODULE_VOLTAGE_ERROR^MDC,
30401^MNDRY_EVT_NOT_CHARGE/DISCHARGE_FREQUENTLY^MDC,
30402^MNDRY_EVT_MACHINE_TYPE_ERROR^MDC,
30403^MNDRY_EVT_USB_DRIVE_ERROR^MDC,
30404^MNDRY_EVT_USB_DRIVE_SPACE_LOW^MDC,
30405^MNDRY_EVT_BATTERY_CHARGING_ERROR^MDC,
30406^MNDRY_EVT_KEYBOARD_INIT_ERROR^MDC,
30407^MNDRY_EVT_KEYBOARD_NOT_AVAILABLE^MDC,
30408^MNDRY_EVT_KEYBOARD_ERROR^MDC,
30409^MNDRY_EVT_KEYBOARD_FAILURE^MDC,
30410^MNDRY_EVT_NETWORK_INIT_ERROR^MDC,
30411^MNDRY_EVT_POWER_VOL_TOO_HIGH^MDC,
30412^MNDRY_EVT_POWER_VOL_TOO_LOW^MDC,
30413^MNDRY_EVT_OVER_VOL_PROTECTION^MDC,
30414^MNDRY_EVT_DC_TEMP_TOO_HIGH^MDC,
30415^MNDRY_EVT_DC_TEMP_TOO_LOW^MDC,
30416^MNDRY_EVT_20M_BATTERY_LEFT^MDC,
30417^MNDRY_EVT_10M_BATTERY_LEFT^MDC,
30418^MNDRY_EVT_BATTERY_TEMP_TOO_HIGH^MDC,
30419^MNDRY_EVT_BATTERY_TEMP_TOO_LOW^MDC,
30420^MNDRY_EVT_BATTERY_OVER_CHARGE^MDC,
30421^MNDRY_EVT_BATTERY_VOL_TOO_HIGH^MDC,
30422^MNDRY_EVT_BATTERY_VOL_TOO_LOW^MDC,
30423^MNDRY_EVT_BATTERY_DIFF^MDC,
30424^MNDRY_EVT_BATTERY_REMOVED^MDC,
30425^MNDRY_EVT_ONLY_ONE_BATTERY^MDC,
30427^MNDRY_EVT_BATTERY_OVERLOAD^MDC,
30428^MNDRY_EVT_POWER_BOARD_VOL_ERROR^MDC,
30130^MNDRY_EVT_BATTERY_MISSING^MDC,
30430^MNDRY_EVT_BATTERY_ERROR^MDC,
30431^MNDRY_EVT_BATTERY_AGED^MDC,
30432^MNDRY_EVT_BATTERY_CHARGING_FAIL^MDC,
30433^MNDRY_EVT_RT_CLOCK_ERROR^MDC,
30434^MNDRY_EVT_CHARGING_ERROR^MDC,
30435^MNDRY_EVT_POWER_INTERRUPTED^MDC,
30436^MNDRY_EVT_RECORDER_INIT_ERROR^MDC,
30437^MNDRY_EVT_RECORDER_INITIALIZING^MDC,
30438^MNDRY_EVT_RECORDER_BUSY^MDC,
30439^MNDRY_EVT_RECORDER_VOL_HIGH^MDC,
30440^MNDRY_EVT_RECORDER_VOL_LOW^MDC,
30441^MNDRY_EVT_RECORDER_TOO_HOT^MDC,
30442^MNDRY_EVT_RECORDER_OUTOF_ALIGN^MDC,
203302^MDC_EVT_ADVIS_REC_PAPER_REPLACE^MDC,
30444^MNDRY_EVT_RECORDER_PAPER_JAM^MDC,
30445^MNDRY_EVT_RECORDER_QUEUE_FULL^MDC,
30446^MNDRY_EVT_RECORDER_PAPER_WP^MDC,
30447^MNDRY_EVT_RECORDER_NOT_AVAILABLE^MDC,
30448^MNDRY_EVT_RECORDER_OVERCURRENT^MDC,
30449^MNDRY_EVT_PATINFO_CONFILICT^MDC,
30451^MNDRY_EVT_NOT_WAVE_SAVED^MDC,
30452^MNDRY_EVT_NET_DISCONNECTED^MDC,
30454^MNDRY_EVT_PATINFO_CONFLICT_WITH_ADT^MDC,
30467^MNDRY_EVT_T1_BATTERY_TEMP_TOO_HIGH^MDC,
30468^MNDRY_EVT_READ_DOCK_E2PROM_ERROR^MDC,
30469^MNDRY_EVT_TELE_INTERFERNECE^MDC,
30470^MNDRY_EVT_TELE_NO_SIGNAL^MDC,
30471^MNDRY_EVT_TELE_RECEIVER_FAULT^MDC,
30473^MNDRY_EVT_WRONG_ID^MDC,
30474^MNDRY_EVT_WRONG_CHANNEL^MDC,
30475^MNDRY_EVT_NIBP_POD_BATTERY_LOW^MDC,
30674^MNDRY_EVT_NIBP_POD_BATTERY_DEPLETED^MDC,
30675^MNDRY_EVT_NIBP_POD_VOLTAGE_ABNORMAL^MDC,
30676^MNDRY_EVT_NIBP_POD_BATTERY_ABNORMAL^MDC,
30677^MNDRY_EVT_NIBP_POD_BATTERY_MAINTENANCE_REQUIRED^MDC,
30678^MNDRY_EVT_NIBP_POD_CLOCK_NEEDS_TO_BE_SET^MDC,
30679^MNDRY_EVT_NIBP_ALL_SEQ_NOT_SET^MDC,
30476^MNDRY_EVT_BATTERY_TYPE_ERROR^MDC,
30477^MNDRY_EVT_RF_PROTOCOL_INCOMP^MDC,
30478^MNDRY_EVT_VENT_HARDWARE_ERROR^MDC,
30479^MNDRY_EVT_VENT_INAD_CONVERT_FAIL^MDC,
30480^MNDRY_EVT_VENT_EXAD_CONVERT_FAIL^MDC,
30481^MNDRY_EVT_VENT_12V_ERROR^MDC,
30482^MNDRY_EVT_VENT5V_ERROR^MDC,
30483^MNDRY_EVT_VENT_SUPPLY_PRESSURE_HIGH^MDC,
30484^MNDRY_EVT_VENT_O2_SUPPLY_FAILURE^MDC,
30485^MNDRY_EVT_VENT_DEVICE_FAULT^MDC,
30486^MNDRY_EVT_VENT_SUSTAINED_PAW^MDC,
30487^MNDRY_EVT_VENT_NEGATIVE_AIRWAY^MDC,
30488^MNDRY_EVT_VENT_VOLM_APNEA_LONG^MDC,
30489^MNDRY_EVT_VENT_BELLOW_OPEN^MDC,
30490^MNDRY_EVT_VENT_AUX_OUTLET_OPEN^MDC,
30491^MNDRY_EVT_VENT_PEEP_VALVE_FAULT^MDC,
30492^MNDRY_EVT_VENT_INSP_VALVE_FAULT^MDC,
30493^MNDRY_EVT_VENT_PEEP_DRIVE_FAULT^MDC,
30494^MNDRY_EVT_VENT_DEVICE_ONLY^MDC,
30495^MNDRY_EVT_VENT_O2_FLUSH_FAULT^MDC,
30496^MNDRY_EVT_VENT_O2_MON_FAULT^MDC,
30497^MNDRY_EVT_VENT_CIRCUIT_LEAK^MDC,
30498^MNDRY_EVT_VENT_PERSSURE_CHANNEL_FAULT^MDC,
30499^MNDRY_EVT_VENT_VOLM_MON_DISABLE^MDC,
30500^MNDRY_EVT_VENT_CAL_FLOW_SENSOR^MDC,
30501^MNDRY_EVT_VENT_CAL_PEEP_VALVE^MDC,
30502^MNDRY_EVT_VENT_O2_SENSOR_REQ_CAL^MDC,
30503^MNDRY_EVT_VENT_CANISTER_OPEN^MDC,
30504^MNDRY_EVT_VENT_O2_SENSOR_UNCONNECTED^MDC,
30505^MNDRY_EVT_VENT_FLOW_SENSOR_FAULT^MDC,
30506^MNDRY_EVT_VENT_VT_COMP_DISABLED^MDC,
30507^MNDRY_EVT_VENT_PINSP_NOT_ACHIEVED^MDC,
30508^MNDRY_EVT_VENT_VTE_EXCEED_VTI^MDC,
30509^MNDRY_EVT_VENT_VT_HIGH^MDC,
30510^MNDRY_EVT_VENT_VT_LOW^MDC,
30511^MNDRY_EVT_VENT_FLOW_SENSOR_ZEROING_FAIL^MDC,
30512^MNDRY_EVT_VENT_TRI_PORT_VALVE_ERROR^MDC,
30513^MNDRY_EVT_RM_SENSOR_RESERVED^MDC,
30552^MNDRY_EVT_RM_ZERO_FAILURE^MDC,
30514^MNDRY_EVT_RM_USER_CALIB_FAIL^MDC,
30515^MNDRY_EVT_RM_FACTORY_CALIB_FAIL^MDC,
30516^MNDRY_EVT_RM_ZEROING^MDC,
30517^MNDRY_EVT_RM_CALIBRATING^MDC,
30518^MNDRY_EVT_RM_POWER_ERROR^MDC,
30519^MNDRY_EVT_RM_CHECKING^MDC,
30520^MNDRY_EVT_RM_INNER_SENSRO_FAULT^MDC,
30521^MNDRY_EVT_RM_ARTEMA_NOT_CALIB^MDC,
30522^MNDRY_EVT_BIS_INTERFERENCE^MDC,
30523^MNDRY_EVT_BIS_HIGH_IMPEDANCE^MDC,
30524^MNDRY_EVT_BIS_DSC_ERROR^MDC,
30525^MNDRY_EVT_BIS_DSC_MALFUNCTION^MDC,
30526^MNDRY_EVT_BIS_NO_CABLE^MDC,
30527^MNDRY_EVT_BIS_NO_SENSOR^MDC,
30528^MNDRY_EVT_BIS_SENSOR_ERROR^MDC,
30529^MNDRY_EVT_BIS_SQI_LESS_THAN_50^MDC,
30530^MNDRY_EVT_BIS_SQI_LESS_THAN_15^MDC,
30531^MNDRY_EVT_BIS_SENSOR_EXPIRED^MDC,
30532^MNDRY_EVT_BIS_CYCLIC_CHECKING^MDC,
30533^MNDRY_EVT_BIS_GROUND_CHECKING^MDC,
30534^MNDRY_EVT_BIS_SNESOR_CHECK_FAIL^MDC,
30535^MNDRY_EVT_BIS_SENSOR_EXCEED_USAGE^MDC,
30536^MNDRY_EVT_BIS_SENSOR_FAULT^MDC,
30537^MNDRY_EVT_BIS_NEED_REPLUG^MDC,
30538^MNDRY_EVT_BIS_IN_DEMO^MDC,
30539^MNDRY_EVT_BISX_NOT_CONNECTED^MDC,
30540^MNDRY_EVT_BIS_ELECTRODE_UNCONNECTED^MDC,
30541^MNDRY_EVT_BIS_SENSOR_TYPE_ERROR^MDC,
30542^MNDRY_EVT_BIS_ELECTRODE_HIGH_IMPED^MDC,
30543^MNDRY_EVT_BIS_ELECTRODE_LEAD_OFF^MDC,
30544^MNDRY_EVT_BIS_SENSOR_CHECKING^MDC,
30545^MNDRY_EVT_REPLACE_SRS_CABLE^MDC,
30546^MNDRY_EVT_ICG_LOW_QUALITY_SIGNAL^MDC,
30547^MNDRY_EVT_ICG_ELECTRODE_OFF^MDC,
30548^MNDRY_EVT_ICG_SENSOR_CHECK^MDC,
30549^MNDRY_EVT_ICG_CABLE_OFF^MDC,
30550^MNDRY_EVT_LOW_VOLTAGE^MDC,
30551^MNDRY_EVT_CABLE_ERROR^MDC,
30553^MNDRY_EVT_IBP_LEAD_OFF^MDC,1.1.1.30553
30553^MNDRY_EVT_IBP_LEAD_OFF^MDC,1.1.2.30553
30553^MNDRY_EVT_IBP_LEAD_OFF^MDC,1.1.3.30553
30553^MNDRY_EVT_IBP_LEAD_OFF^MDC,1.1.4.30553
30553^MNDRY_EVT_IBP_LEAD_OFF^MDC,1.1.5.30553
30553^MNDRY_EVT_IBP_LEAD_OFF^MDC,1.1.6.30553
30553^MNDRY_EVT_IBP_LEAD_OFF^MDC,1.1.7.30553
30553^MNDRY_EVT_IBP_LEAD_OFF^MDC,1.1.8.30553
30553^MNDRY_EVT_IBP_LEAD_OFF^MDC,1.1.11.30553
30553^MNDRY_EVT_IBP_LEAD_OFF^MDC,1.1.12.30553
30553^MNDRY_EVT_IBP_LEAD_OFF^MDC,1.1.13.30553
30553^MNDRY_EVT_IBP_LEAD_OFF^MDC,1.1.1.150037
30553^MNDRY_EVT_IBP_LEAD_OFF^MDC,1.1.1.150038
30553^MNDRY_EVT_IBP_LEAD_OFF^MDC,1.1.1.150039
30553^MNDRY_EVT_IBP_LEAD_OFF^MDC,1.1.1.364
30553^MNDRY_EVT_IBP_LEAD_OFF^MDC,1.1.11.150037
30553^MNDRY_EVT_IBP_LEAD_OFF^MDC,1.1.11.150038
30553^MNDRY_EVT_IBP_LEAD_OFF^MDC,1.1.11.150039
30553^MNDRY_EVT_IBP_LEAD_OFF^MDC,1.1.13.150037
30553^MNDRY_EVT_IBP_LEAD_OFF^MDC,1.1.13.150038
30553^MNDRY_EVT_IBP_LEAD_OFF^MDC,1.1.13.150039
30553^MNDRY_EVT_IBP_LEAD_OFF^MDC,1.1.13.150041
30553^MNDRY_EVT_IBP_LEAD_OFF^MDC,1.1.13.364
30553^MNDRY_EVT_IBP_LEAD_OFF^MDC,1.1.1.150045
30553^MNDRY_EVT_IBP_LEAD_OFF^MDC,1.1.1.150046
30553^MNDRY_EVT_IBP_LEAD_OFF^MDC,1.1.1.150047
30553^MNDRY_EVT_IBP_LEAD_OFF^MDC,1.1.1.368
30553^MNDRY_EVT_IBP_LEAD_OFF^MDC,1.1.1.150085
30553^MNDRY_EVT_IBP_LEAD_OFF^MDC,1.1.1.150086
30553^MNDRY_EVT_IBP_LEAD_OFF^MDC,1.1.1.150087
30553^MNDRY_EVT_IBP_LEAD_OFF^MDC,1.1.1.369
30553^MNDRY_EVT_IBP_LEAD_OFF^MDC,1.1.1.153609
30553^MNDRY_EVT_IBP_LEAD_OFF^MDC,1.1.1.153610
30553^MNDRY_EVT_IBP_LEAD_OFF^MDC,1.1.1.153611
30553^MNDRY_EVT_IBP_LEAD_OFF^MDC,1.1.1.376
30553^MNDRY_EVT_IBP_LEAD_OFF^MDC,1.1.1.150065
30553^MNDRY_EVT_IBP_LEAD_OFF^MDC,1.1.1.150066
30553^MNDRY_EVT_IBP_LEAD_OFF^MDC,1.1.1.150067
30553^MNDRY_EVT_IBP_LEAD_OFF^MDC,1.1.1.370
30553^MNDRY_EVT_IBP_LEAD_OFF^MDC,1.1.1.150069
30553^MNDRY_EVT_IBP_LEAD_OFF^MDC,1.1.1.150070
30553^MNDRY_EVT_IBP_LEAD_OFF^MDC,1.1.1.150071
30553^MNDRY_EVT_IBP_LEAD_OFF^MDC,1.1.1.371
30553^MNDRY_EVT_IBP_LEAD_OFF^MDC,1.1.1.150057
30553^MNDRY_EVT_IBP_LEAD_OFF^MDC,1.1.1.150058
30553^MNDRY_EVT_IBP_LEAD_OFF^MDC,1.1.1.150059
30553^MNDRY_EVT_IBP_LEAD_OFF^MDC,1.1.1.365
30553^MNDRY_EVT_IBP_LEAD_OFF^MDC,1.1.1.150089
30553^MNDRY_EVT_IBP_LEAD_OFF^MDC,1.1.1.150090
30553^MNDRY_EVT_IBP_LEAD_OFF^MDC,1.1.1.150091
30553^MNDRY_EVT_IBP_LEAD_OFF^MDC,1.1.1.375
30553^MNDRY_EVT_IBP_LEAD_OFF^MDC,1.1.1.150029
30553^MNDRY_EVT_IBP_LEAD_OFF^MDC,1.1.1.150030
30553^MNDRY_EVT_IBP_LEAD_OFF^MDC,1.1.1.150031
30553^MNDRY_EVT_IBP_LEAD_OFF^MDC,1.1.1.372
30553^MNDRY_EVT_IBP_LEAD_OFF^MDC,1.1.1.150649
30553^MNDRY_EVT_IBP_LEAD_OFF^MDC,1.1.1.150650
30553^MNDRY_EVT_IBP_LEAD_OFF^MDC,1.1.1.150651
30553^MNDRY_EVT_IBP_LEAD_OFF^MDC,1.1.1.374
30553^MNDRY_EVT_IBP_LEAD_OFF^MDC,1.1.1.150681
30553^MNDRY_EVT_IBP_LEAD_OFF^MDC,1.1.1.150682
30553^MNDRY_EVT_IBP_LEAD_OFF^MDC,1.1.1.150683
30553^MNDRY_EVT_IBP_LEAD_OFF^MDC,1.1.1.373
30553^MNDRY_EVT_IBP_LEAD_OFF^MDC,1.1.1.150017
30553^MNDRY_EVT_IBP_LEAD_OFF^MDC,1.1.1.150018
30553^MNDRY_EVT_IBP_LEAD_OFF^MDC,1.1.1.150019
30553^MNDRY_EVT_IBP_LEAD_OFF^MDC,1.1.1.149522
30553^MNDRY_EVT_IBP_LEAD_OFF^MDC,1.1.2.150017
30553^MNDRY_EVT_IBP_LEAD_OFF^MDC,1.1.2.150018
30553^MNDRY_EVT_IBP_LEAD_OFF^MDC,1.1.2.150019
30553^MNDRY_EVT_IBP_LEAD_OFF^MDC,1.1.2.149522
30553^MNDRY_EVT_IBP_LEAD_OFF^MDC,1.1.3.150017
30553^MNDRY_EVT_IBP_LEAD_OFF^MDC,1.1.3.150018
30553^MNDRY_EVT_IBP_LEAD_OFF^MDC,1.1.3.150019
30553^MNDRY_EVT_IBP_LEAD_OFF^MDC,1.1.3.149522
30553^MNDRY_EVT_IBP_LEAD_OFF^MDC,1.1.4.150017
30553^MNDRY_EVT_IBP_LEAD_OFF^MDC,1.1.4.150018
30553^MNDRY_EVT_IBP_LEAD_OFF^MDC,1.1.4.150019
30553^MNDRY_EVT_IBP_LEAD_OFF^MDC,1.1.4.149522
30553^MNDRY_EVT_IBP_LEAD_OFF^MDC,1.1.5.150017
30553^MNDRY_EVT_IBP_LEAD_OFF^MDC,1.1.5.150018
30553^MNDRY_EVT_IBP_LEAD_OFF^MDC,1.1.5.150019
30553^MNDRY_EVT_IBP_LEAD_OFF^MDC,1.1.5.149522
30553^MNDRY_EVT_IBP_LEAD_OFF^MDC,1.1.6.150017
30553^MNDRY_EVT_IBP_LEAD_OFF^MDC,1.1.6.150018
30553^MNDRY_EVT_IBP_LEAD_OFF^MDC,1.1.6.150019
30553^MNDRY_EVT_IBP_LEAD_OFF^MDC,1.1.6.149522
30553^MNDRY_EVT_IBP_LEAD_OFF^MDC,1.1.7.150017
30553^MNDRY_EVT_IBP_LEAD_OFF^MDC,1.1.7.150018
30553^MNDRY_EVT_IBP_LEAD_OFF^MDC,1.1.7.150019
30553^MNDRY_EVT_IBP_LEAD_OFF^MDC,1.1.7.149522
30553^MNDRY_EVT_IBP_LEAD_OFF^MDC,1.1.8.150017
30553^MNDRY_EVT_IBP_LEAD_OFF^MDC,1.1.8.150018
30553^MNDRY_EVT_IBP_LEAD_OFF^MDC,1.1.8.150019
30553^MNDRY_EVT_IBP_LEAD_OFF^MDC,1.1.8.149522
30553^MNDRY_EVT_IBP_LEAD_OFF^MDC,1.1.1.150101
30553^MNDRY_EVT_IBP_LEAD_OFF^MDC,1.1.1.150102
30553^MNDRY_EVT_IBP_LEAD_OFF^MDC,1.1.1.150103
30553^MNDRY_EVT_IBP_LEAD_OFF^MDC,1.1.1.366
30553^MNDRY_EVT_IBP_LEAD_OFF^MDC,1.1.11.150033
30553^MNDRY_EVT_IBP_LEAD_OFF^MDC,1.1.11.150034
30553^MNDRY_EVT_IBP_LEAD_OFF^MDC,1.1.11.150035
30553^MNDRY_EVT_IBP_LEAD_OFF^MDC,1.1.11.364
30553^MNDRY_EVT_IBP_LEAD_OFF^MDC,1.1.12.150085
30553^MNDRY_EVT_IBP_LEAD_OFF^MDC,1.1.12.150086
30553^MNDRY_EVT_IBP_LEAD_OFF^MDC,1.1.12.150087
30553^MNDRY_EVT_IBP_LEAD_OFF^MDC,1.1.12.369
30553^MNDRY_EVT_IBP_LEAD_OFF^MDC,1.1.2.150037
30553^MNDRY_EVT_IBP_LEAD_OFF^MDC,1.1.2.150038
30553^MNDRY_EVT_IBP_LEAD_OFF^MDC,1.1.2.150039
30553^MNDRY_EVT_IBP_LEAD_OFF^MDC,1.1.2.364
30553^MNDRY_EVT_IBP_LEAD_OFF^MDC,1.1.1.101
30553^MNDRY_EVT_IBP_LEAD_OFF^MDC,1.1.1.102
30553^MNDRY_EVT_IBP_LEAD_OFF^MDC,1.1.1.103
30553^MNDRY_EVT_IBP_LEAD_OFF^MDC,1.1.1.379
30553^MNDRY_EVT_IBP_LEAD_OFF^MDC,
30554^MNDRY_EVT_IBP_NEED_ZERO^MDC,1.1.1.30554
30554^MNDRY_EVT_IBP_NEED_ZERO^MDC,1.1.2.30554
30554^MNDRY_EVT_IBP_NEED_ZERO^MDC,1.1.3.30554
30554^MNDRY_EVT_IBP_NEED_ZERO^MDC,1.1.4.30554
30554^MNDRY_EVT_IBP_NEED_ZERO^MDC,1.1.5.30554
30554^MNDRY_EVT_IBP_NEED_ZERO^MDC,1.1.6.30554
30554^MNDRY_EVT_IBP_NEED_ZERO^MDC,1.1.7.30554
30554^MNDRY_EVT_IBP_NEED_ZERO^MDC,1.1.8.30554
30554^MNDRY_EVT_IBP_NEED_ZERO^MDC,1.1.11.30554
30554^MNDRY_EVT_IBP_NEED_ZERO^MDC,1.1.12.30554
30554^MNDRY_EVT_IBP_NEED_ZERO^MDC,1.1.13.30554
30554^MNDRY_EVT_IBP_NEED_ZERO^MDC,1.1.1.150037
30554^MNDRY_EVT_IBP_NEED_ZERO^MDC,1.1.1.150038
30554^MNDRY_EVT_IBP_NEED_ZERO^MDC,1.1.1.150039
30554^MNDRY_EVT_IBP_NEED_ZERO^MDC,1.1.1.364
30554^MNDRY_EVT_IBP_NEED_ZERO^MDC,1.1.11.150037
30554^MNDRY_EVT_IBP_NEED_ZERO^MDC,1.1.11.150038
30554^MNDRY_EVT_IBP_NEED_ZERO^MDC,1.1.11.150039
30554^MNDRY_EVT_IBP_NEED_ZERO^MDC,1.1.13.150037
30554^MNDRY_EVT_IBP_NEED_ZERO^MDC,1.1.13.150038
30554^MNDRY_EVT_IBP_NEED_ZERO^MDC,1.1.13.150039
30554^MNDRY_EVT_IBP_NEED_ZERO^MDC,1.1.13.150041
30554^MNDRY_EVT_IBP_NEED_ZERO^MDC,1.1.13.364
30554^MNDRY_EVT_IBP_NEED_ZERO^MDC,1.1.1.150045
30554^MNDRY_EVT_IBP_NEED_ZERO^MDC,1.1.1.150046
30554^MNDRY_EVT_IBP_NEED_ZERO^MDC,1.1.1.150047
30554^MNDRY_EVT_IBP_NEED_ZERO^MDC,1.1.1.368
30554^MNDRY_EVT_IBP_NEED_ZERO^MDC,1.1.1.150085
30554^MNDRY_EVT_IBP_NEED_ZERO^MDC,1.1.1.150086
30554^MNDRY_EVT_IBP_NEED_ZERO^MDC,1.1.1.150087
30554^MNDRY_EVT_IBP_NEED_ZERO^MDC,1.1.1.369
30554^MNDRY_EVT_IBP_NEED_ZERO^MDC,1.1.1.153609
30554^MNDRY_EVT_IBP_NEED_ZERO^MDC,1.1.1.153610
30554^MNDRY_EVT_IBP_NEED_ZERO^MDC,1.1.1.153611
30554^MNDRY_EVT_IBP_NEED_ZERO^MDC,1.1.1.376
30554^MNDRY_EVT_IBP_NEED_ZERO^MDC,1.1.1.150065
30554^MNDRY_EVT_IBP_NEED_ZERO^MDC,1.1.1.150066
30554^MNDRY_EVT_IBP_NEED_ZERO^MDC,1.1.1.150067
30554^MNDRY_EVT_IBP_NEED_ZERO^MDC,1.1.1.370
30554^MNDRY_EVT_IBP_NEED_ZERO^MDC,1.1.1.150069
30554^MNDRY_EVT_IBP_NEED_ZERO^MDC,1.1.1.150070
30554^MNDRY_EVT_IBP_NEED_ZERO^MDC,1.1.1.150071
30554^MNDRY_EVT_IBP_NEED_ZERO^MDC,1.1.1.371
30554^MNDRY_EVT_IBP_NEED_ZERO^MDC,1.1.1.150057
30554^MNDRY_EVT_IBP_NEED_ZERO^MDC,1.1.1.150058
30554^MNDRY_EVT_IBP_NEED_ZERO^MDC,1.1.1.150059
30554^MNDRY_EVT_IBP_NEED_ZERO^MDC,1.1.1.365
30554^MNDRY_EVT_IBP_NEED_ZERO^MDC,1.1.1.150089
30554^MNDRY_EVT_IBP_NEED_ZERO^MDC,1.1.1.150090
30554^MNDRY_EVT_IBP_NEED_ZERO^MDC,1.1.1.150091
30554^MNDRY_EVT_IBP_NEED_ZERO^MDC,1.1.1.375
30554^MNDRY_EVT_IBP_NEED_ZERO^MDC,1.1.1.150029
30554^MNDRY_EVT_IBP_NEED_ZERO^MDC,1.1.1.150030
30554^MNDRY_EVT_IBP_NEED_ZERO^MDC,1.1.1.150031
30554^MNDRY_EVT_IBP_NEED_ZERO^MDC,1.1.1.372
30554^MNDRY_EVT_IBP_NEED_ZERO^MDC,1.1.1.150649
30554^MNDRY_EVT_IBP_NEED_ZERO^MDC,1.1.1.150650
30554^MNDRY_EVT_IBP_NEED_ZERO^MDC,1.1.1.150651
30554^MNDRY_EVT_IBP_NEED_ZERO^MDC,1.1.1.374
30554^MNDRY_EVT_IBP_NEED_ZERO^MDC,1.1.1.150681
30554^MNDRY_EVT_IBP_NEED_ZERO^MDC,1.1.1.150682
30554^MNDRY_EVT_IBP_NEED_ZERO^MDC,1.1.1.150683
30554^MNDRY_EVT_IBP_NEED_ZERO^MDC,1.1.1.373
30554^MNDRY_EVT_IBP_NEED_ZERO^MDC,1.1.1.150017
30554^MNDRY_EVT_IBP_NEED_ZERO^MDC,1.1.1.150018
30554^MNDRY_EVT_IBP_NEED_ZERO^MDC,1.1.1.150019
30554^MNDRY_EVT_IBP_NEED_ZERO^MDC,1.1.1.149522
30554^MNDRY_EVT_IBP_NEED_ZERO^MDC,1.1.2.150017
30554^MNDRY_EVT_IBP_NEED_ZERO^MDC,1.1.2.150018
30554^MNDRY_EVT_IBP_NEED_ZERO^MDC,1.1.2.150019
30554^MNDRY_EVT_IBP_NEED_ZERO^MDC,1.1.2.149522
30554^MNDRY_EVT_IBP_NEED_ZERO^MDC,1.1.3.150017
30554^MNDRY_EVT_IBP_NEED_ZERO^MDC,1.1.3.150018
30554^MNDRY_EVT_IBP_NEED_ZERO^MDC,1.1.3.150019
30554^MNDRY_EVT_IBP_NEED_ZERO^MDC,1.1.3.149522
30554^MNDRY_EVT_IBP_NEED_ZERO^MDC,1.1.4.150017
30554^MNDRY_EVT_IBP_NEED_ZERO^MDC,1.1.4.150018
30554^MNDRY_EVT_IBP_NEED_ZERO^MDC,1.1.4.150019
30554^MNDRY_EVT_IBP_NEED_ZERO^MDC,1.1.4.149522
30554^MNDRY_EVT_IBP_NEED_ZERO^MDC,1.1.5.150017
30554^MNDRY_EVT_IBP_NEED_ZERO^MDC,1.1.5.150018
30554^MNDRY_EVT_IBP_NEED_ZERO^MDC,1.1.5.150019
30554^MNDRY_EVT_IBP_NEED_ZERO^MDC,1.1.5.149522
30554^MNDRY_EVT_IBP_NEED_ZERO^MDC,1.1.6.150017
30554^MNDRY_EVT_IBP_NEED_ZERO^MDC,1.1.6.150018
30554^MNDRY_EVT_IBP_NEED_ZERO^MDC,1.1.6.150019
30554^MNDRY_EVT_IBP_NEED_ZERO^MDC,1.1.6.149522
30554^MNDRY_EVT_IBP_NEED_ZERO^MDC,1.1.7.150017
30554^MNDRY_EVT_IBP_NEED_ZERO^MDC,1.1.7.150018
30554^MNDRY_EVT_IBP_NEED_ZERO^MDC,1.1.7.150019
30554^MNDRY_EVT_IBP_NEED_ZERO^MDC,1.1.7.149522
30554^MNDRY_EVT_IBP_NEED_ZERO^MDC,1.1.8.150017
30554^MNDRY_EVT_IBP_NEED_ZERO^MDC,1.1.8.150018
30554^MNDRY_EVT_IBP_NEED_ZERO^MDC,1.1.8.150019
30554^MNDRY_EVT_IBP_NEED_ZERO^MDC,1.1.8.149522
30554^MNDRY_EVT_IBP_NEED_ZERO^MDC,1.1.1.150101
30554^MNDRY_EVT_IBP_NEED_ZERO^MDC,1.1.1.150102
30554^MNDRY_EVT_IBP_NEED_ZERO^MDC,1.1.1.150103
30554^MNDRY_EVT_IBP_NEED_ZERO^MDC,1.1.1.366
30554^MNDRY_EVT_IBP_NEED_ZERO^MDC,1.1.11.150033
30554^MNDRY_EVT_IBP_NEED_ZERO^MDC,1.1.11.150034
30554^MNDRY_EVT_IBP_NEED_ZERO^MDC,1.1.11.150035
30554^MNDRY_EVT_IBP_NEED_ZERO^MDC,1.1.11.364
30554^MNDRY_EVT_IBP_NEED_ZERO^MDC,1.1.12.150085
30554^MNDRY_EVT_IBP_NEED_ZERO^MDC,1.1.12.150086
30554^MNDRY_EVT_IBP_NEED_ZERO^MDC,1.1.12.150087
30554^MNDRY_EVT_IBP_NEED_ZERO^MDC,1.1.12.369
30554^MNDRY_EVT_IBP_NEED_ZERO^MDC,1.1.2.150037
30554^MNDRY_EVT_IBP_NEED_ZERO^MDC,1.1.2.150038
30554^MNDRY_EVT_IBP_NEED_ZERO^MDC,1.1.2.150039
30554^MNDRY_EVT_IBP_NEED_ZERO^MDC,1.1.2.364
30554^MNDRY_EVT_IBP_NEED_ZERO^MDC,1.1.1.101
30554^MNDRY_EVT_IBP_NEED_ZERO^MDC,1.1.1.102
30554^MNDRY_EVT_IBP_NEED_ZERO^MDC,1.1.1.103
30554^MNDRY_EVT_IBP_NEED_ZERO^MDC,1.1.1.379
30554^MNDRY_EVT_IBP_NEED_ZERO^MDC,
30555^MNDRY_EVT_IBP_SEARCHING_PULSE^MDC,1.1.1.30555
30555^MNDRY_EVT_IBP_SEARCHING_PULSE^MDC,1.1.2.30555
30555^MNDRY_EVT_IBP_SEARCHING_PULSE^MDC,1.1.3.30555
30555^MNDRY_EVT_IBP_SEARCHING_PULSE^MDC,1.1.4.30555
30555^MNDRY_EVT_IBP_SEARCHING_PULSE^MDC,1.1.5.30555
30555^MNDRY_EVT_IBP_SEARCHING_PULSE^MDC,1.1.6.30555
30555^MNDRY_EVT_IBP_SEARCHING_PULSE^MDC,1.1.7.30555
30555^MNDRY_EVT_IBP_SEARCHING_PULSE^MDC,1.1.8.30555
30555^MNDRY_EVT_IBP_SEARCHING_PULSE^MDC,1.1.11.30555
30555^MNDRY_EVT_IBP_SEARCHING_PULSE^MDC,1.1.12.30555
30555^MNDRY_EVT_IBP_SEARCHING_PULSE^MDC,1.1.13.30555
30555^MNDRY_EVT_IBP_SEARCHING_PULSE^MDC,1.1.1.150037
30555^MNDRY_EVT_IBP_SEARCHING_PULSE^MDC,1.1.1.150038
30555^MNDRY_EVT_IBP_SEARCHING_PULSE^MDC,1.1.1.150039
30555^MNDRY_EVT_IBP_SEARCHING_PULSE^MDC,1.1.1.364
30555^MNDRY_EVT_IBP_SEARCHING_PULSE^MDC,1.1.11.150037
30555^MNDRY_EVT_IBP_SEARCHING_PULSE^MDC,1.1.11.150038
30555^MNDRY_EVT_IBP_SEARCHING_PULSE^MDC,1.1.11.150039
30555^MNDRY_EVT_IBP_SEARCHING_PULSE^MDC,1.1.13.150037
30555^MNDRY_EVT_IBP_SEARCHING_PULSE^MDC,1.1.13.150038
30555^MNDRY_EVT_IBP_SEARCHING_PULSE^MDC,1.1.13.150039
30555^MNDRY_EVT_IBP_SEARCHING_PULSE^MDC,1.1.13.150041
30555^MNDRY_EVT_IBP_SEARCHING_PULSE^MDC,1.1.13.364
30555^MNDRY_EVT_IBP_SEARCHING_PULSE^MDC,1.1.1.150045
30555^MNDRY_EVT_IBP_SEARCHING_PULSE^MDC,1.1.1.150046
30555^MNDRY_EVT_IBP_SEARCHING_PULSE^MDC,1.1.1.150047
30555^MNDRY_EVT_IBP_SEARCHING_PULSE^MDC,1.1.1.368
30555^MNDRY_EVT_IBP_SEARCHING_PULSE^MDC,1.1.1.150085
30555^MNDRY_EVT_IBP_SEARCHING_PULSE^MDC,1.1.1.150086
30555^MNDRY_EVT_IBP_SEARCHING_PULSE^MDC,1.1.1.150087
30555^MNDRY_EVT_IBP_SEARCHING_PULSE^MDC,1.1.1.369
30555^MNDRY_EVT_IBP_SEARCHING_PULSE^MDC,1.1.1.153609
30555^MNDRY_EVT_IBP_SEARCHING_PULSE^MDC,1.1.1.153610
30555^MNDRY_EVT_IBP_SEARCHING_PULSE^MDC,1.1.1.153611
30555^MNDRY_EVT_IBP_SEARCHING_PULSE^MDC,1.1.1.376
30555^MNDRY_EVT_IBP_SEARCHING_PULSE^MDC,1.1.1.150065
30555^MNDRY_EVT_IBP_SEARCHING_PULSE^MDC,1.1.1.150066
30555^MNDRY_EVT_IBP_SEARCHING_PULSE^MDC,1.1.1.150067
30555^MNDRY_EVT_IBP_SEARCHING_PULSE^MDC,1.1.1.370
30555^MNDRY_EVT_IBP_SEARCHING_PULSE^MDC,1.1.1.150069
30555^MNDRY_EVT_IBP_SEARCHING_PULSE^MDC,1.1.1.150070
30555^MNDRY_EVT_IBP_SEARCHING_PULSE^MDC,1.1.1.150071
30555^MNDRY_EVT_IBP_SEARCHING_PULSE^MDC,1.1.1.371
30555^MNDRY_EVT_IBP_SEARCHING_PULSE^MDC,1.1.1.150057
30555^MNDRY_EVT_IBP_SEARCHING_PULSE^MDC,1.1.1.150058
30555^MNDRY_EVT_IBP_SEARCHING_PULSE^MDC,1.1.1.150059
30555^MNDRY_EVT_IBP_SEARCHING_PULSE^MDC,1.1.1.365
30555^MNDRY_EVT_IBP_SEARCHING_PULSE^MDC,1.1.1.150089
30555^MNDRY_EVT_IBP_SEARCHING_PULSE^MDC,1.1.1.150090
30555^MNDRY_EVT_IBP_SEARCHING_PULSE^MDC,1.1.1.150091
30555^MNDRY_EVT_IBP_SEARCHING_PULSE^MDC,1.1.1.375
30555^MNDRY_EVT_IBP_SEARCHING_PULSE^MDC,1.1.1.150029
30555^MNDRY_EVT_IBP_SEARCHING_PULSE^MDC,1.1.1.150030
30555^MNDRY_EVT_IBP_SEARCHING_PULSE^MDC,1.1.1.150031
30555^MNDRY_EVT_IBP_SEARCHING_PULSE^MDC,1.1.1.372
30555^MNDRY_EVT_IBP_SEARCHING_PULSE^MDC,1.1.1.150649
30555^MNDRY_EVT_IBP_SEARCHING_PULSE^MDC,1.1.1.150650
30555^MNDRY_EVT_IBP_SEARCHING_PULSE^MDC,1.1.1.150651
30555^MNDRY_EVT_IBP_SEARCHING_PULSE^MDC,1.1.1.374
30555^MNDRY_EVT_IBP_SEARCHING_PULSE^MDC,1.1.1.150681
30555^MNDRY_EVT_IBP_SEARCHING_PULSE^MDC,1.1.1.150682
30555^MNDRY_EVT_IBP_SEARCHING_PULSE^MDC,1.1.1.150683
30555^MNDRY_EVT_IBP_SEARCHING_PULSE^MDC,1.1.1.373
30555^MNDRY_EVT_IBP_SEARCHING_PULSE^MDC,1.1.1.150017
30555^MNDRY_EVT_IBP_SEARCHING_PULSE^MDC,1.1.1.150018
30555^MNDRY_EVT_IBP_SEARCHING_PULSE^MDC,1.1.1.150019
30555^MNDRY_EVT_IBP_SEARCHING_PULSE^MDC,1.1.1.149522
30555^MNDRY_EVT_IBP_SEARCHING_PULSE^MDC,1.1.2.150017
30555^MNDRY_EVT_IBP_SEARCHING_PULSE^MDC,1.1.2.150018
30555^MNDRY_EVT_IBP_SEARCHING_PULSE^MDC,1.1.2.150019
30555^MNDRY_EVT_IBP_SEARCHING_PULSE^MDC,1.1.2.149522
30555^MNDRY_EVT_IBP_SEARCHING_PULSE^MDC,1.1.3.150017
30555^MNDRY_EVT_IBP_SEARCHING_PULSE^MDC,1.1.3.150018
30555^MNDRY_EVT_IBP_SEARCHING_PULSE^MDC,1.1.3.150019
30555^MNDRY_EVT_IBP_SEARCHING_PULSE^MDC,1.1.3.149522
30555^MNDRY_EVT_IBP_SEARCHING_PULSE^MDC,1.1.4.150017
30555^MNDRY_EVT_IBP_SEARCHING_PULSE^MDC,1.1.4.150018
30555^MNDRY_EVT_IBP_SEARCHING_PULSE^MDC,1.1.4.150019
30555^MNDRY_EVT_IBP_SEARCHING_PULSE^MDC,1.1.4.149522
30555^MNDRY_EVT_IBP_SEARCHING_PULSE^MDC,1.1.5.150017
30555^MNDRY_EVT_IBP_SEARCHING_PULSE^MDC,1.1.5.150018
30555^MNDRY_EVT_IBP_SEARCHING_PULSE^MDC,1.1.5.150019
30555^MNDRY_EVT_IBP_SEARCHING_PULSE^MDC,1.1.5.149522
30555^MNDRY_EVT_IBP_SEARCHING_PULSE^MDC,1.1.6.150017
30555^MNDRY_EVT_IBP_SEARCHING_PULSE^MDC,1.1.6.150018
30555^MNDRY_EVT_IBP_SEARCHING_PULSE^MDC,1.1.6.150019
30555^MNDRY_EVT_IBP_SEARCHING_PULSE^MDC,1.1.6.149522
30555^MNDRY_EVT_IBP_SEARCHING_PULSE^MDC,1.1.7.150017
30555^MNDRY_EVT_IBP_SEARCHING_PULSE^MDC,1.1.7.150018
30555^MNDRY_EVT_IBP_SEARCHING_PULSE^MDC,1.1.7.150019
30555^MNDRY_EVT_IBP_SEARCHING_PULSE^MDC,1.1.7.149522
30555^MNDRY_EVT_IBP_SEARCHING_PULSE^MDC,1.1.8.150017
30555^MNDRY_EVT_IBP_SEARCHING_PULSE^MDC,1.1.8.150018
30555^MNDRY_EVT_IBP_SEARCHING_PULSE^MDC,1.1.8.150019
30555^MNDRY_EVT_IBP_SEARCHING_PULSE^MDC,1.1.8.149522
30555^MNDRY_EVT_IBP_SEARCHING_PULSE^MDC,1.1.1.150101
30555^MNDRY_EVT_IBP_SEARCHING_PULSE^MDC,1.1.1.150102
30555^MNDRY_EVT_IBP_SEARCHING_PULSE^MDC,1.1.1.150103
30555^MNDRY_EVT_IBP_SEARCHING_PULSE^MDC,1.1.1.366
30555^MNDRY_EVT_IBP_SEARCHING_PULSE^MDC,1.1.11.150033
30555^MNDRY_EVT_IBP_SEARCHING_PULSE^MDC,1.1.11.150034
30555^MNDRY_EVT_IBP_SEARCHING_PULSE^MDC,1.1.11.150035
30555^MNDRY_EVT_IBP_SEARCHING_PULSE^MDC,1.1.11.364
30555^MNDRY_EVT_IBP_SEARCHING_PULSE^MDC,1.1.12.150085
30555^MNDRY_EVT_IBP_SEARCHING_PULSE^MDC,1.1.12.150086
30555^MNDRY_EVT_IBP_SEARCHING_PULSE^MDC,1.1.12.150087
30555^MNDRY_EVT_IBP_SEARCHING_PULSE^MDC,1.1.12.369
30555^MNDRY_EVT_IBP_SEARCHING_PULSE^MDC,1.1.2.150037
30555^MNDRY_EVT_IBP_SEARCHING_PULSE^MDC,1.1.2.150038
30555^MNDRY_EVT_IBP_SEARCHING_PULSE^MDC,1.1.2.150039
30555^MNDRY_EVT_IBP_SEARCHING_PULSE^MDC,1.1.2.364
30555^MNDRY_EVT_IBP_SEARCHING_PULSE^MDC,1.1.1.101
30555^MNDRY_EVT_IBP_SEARCHING_PULSE^MDC,1.1.1.102
30555^MNDRY_EVT_IBP_SEARCHING_PULSE^MDC,1.1.1.103
30555^MNDRY_EVT_IBP_SEARCHING_PULSE^MDC,1.1.1.379
30555^MNDRY_EVT_IBP_SEARCHING_PULSE^MDC,
30556^MNDRY_EVT_IBP_NO_PULSE^MDC,1.1.1.30556
30556^MNDRY_EVT_IBP_NO_PULSE^MDC,1.1.2.30556
30556^MNDRY_EVT_IBP_NO_PULSE^MDC,1.1.3.30556
30556^MNDRY_EVT_IBP_NO_PULSE^MDC,1.1.4.30556
30556^MNDRY_EVT_IBP_NO_PULSE^MDC,1.1.5.30556
30556^MNDRY_EVT_IBP_NO_PULSE^MDC,1.1.6.30556
30556^MNDRY_EVT_IBP_NO_PULSE^MDC,1.1.7.30556
30556^MNDRY_EVT_IBP_NO_PULSE^MDC,1.1.8.30556
30556^MNDRY_EVT_IBP_NO_PULSE^MDC,1.1.11.30556
30556^MNDRY_EVT_IBP_NO_PULSE^MDC,1.1.12.30556
30556^MNDRY_EVT_IBP_NO_PULSE^MDC,1.1.13.30556
30556^MNDRY_EVT_IBP_NO_PULSE^MDC,1.1.1.150037
30556^MNDRY_EVT_IBP_NO_PULSE^MDC,1.1.1.150038
30556^MNDRY_EVT_IBP_NO_PULSE^MDC,1.1.1.150039
30556^MNDRY_EVT_IBP_NO_PULSE^MDC,1.1.1.364
30556^MNDRY_EVT_IBP_NO_PULSE^MDC,1.1.11.150037
30556^MNDRY_EVT_IBP_NO_PULSE^MDC,1.1.11.150038
30556^MNDRY_EVT_IBP_NO_PULSE^MDC,1.1.11.150039
30556^MNDRY_EVT_IBP_NO_PULSE^MDC,1.1.13.150037
30556^MNDRY_EVT_IBP_NO_PULSE^MDC,1.1.13.150038
30556^MNDRY_EVT_IBP_NO_PULSE^MDC,1.1.13.150039
30556^MNDRY_EVT_IBP_NO_PULSE^MDC,1.1.13.150041
30556^MNDRY_EVT_IBP_NO_PULSE^MDC,1.1.13.364
30556^MNDRY_EVT_IBP_NO_PULSE^MDC,1.1.1.150045
30556^MNDRY_EVT_IBP_NO_PULSE^MDC,1.1.1.150046
30556^MNDRY_EVT_IBP_NO_PULSE^MDC,1.1.1.150047
30556^MNDRY_EVT_IBP_NO_PULSE^MDC,1.1.1.368
30556^MNDRY_EVT_IBP_NO_PULSE^MDC,1.1.1.150085
30556^MNDRY_EVT_IBP_NO_PULSE^MDC,1.1.1.150086
30556^MNDRY_EVT_IBP_NO_PULSE^MDC,1.1.1.150087
30556^MNDRY_EVT_IBP_NO_PULSE^MDC,1.1.1.369
30556^MNDRY_EVT_IBP_NO_PULSE^MDC,1.1.1.153609
30556^MNDRY_EVT_IBP_NO_PULSE^MDC,1.1.1.153610
30556^MNDRY_EVT_IBP_NO_PULSE^MDC,1.1.1.153611
30556^MNDRY_EVT_IBP_NO_PULSE^MDC,1.1.1.376
30556^MNDRY_EVT_IBP_NO_PULSE^MDC,1.1.1.150065
30556^MNDRY_EVT_IBP_NO_PULSE^MDC,1.1.1.150066
30556^MNDRY_EVT_IBP_NO_PULSE^MDC,1.1.1.150067
30556^MNDRY_EVT_IBP_NO_PULSE^MDC,1.1.1.370
30556^MNDRY_EVT_IBP_NO_PULSE^MDC,1.1.1.150069
30556^MNDRY_EVT_IBP_NO_PULSE^MDC,1.1.1.150070
30556^MNDRY_EVT_IBP_NO_PULSE^MDC,1.1.1.150071
30556^MNDRY_EVT_IBP_NO_PULSE^MDC,1.1.1.371
30556^MNDRY_EVT_IBP_NO_PULSE^MDC,1.1.1.150057
30556^MNDRY_EVT_IBP_NO_PULSE^MDC,1.1.1.150058
30556^MNDRY_EVT_IBP_NO_PULSE^MDC,1.1.1.150059
30556^MNDRY_EVT_IBP_NO_PULSE^MDC,1.1.1.365
30556^MNDRY_EVT_IBP_NO_PULSE^MDC,1.1.1.150089
30556^MNDRY_EVT_IBP_NO_PULSE^MDC,1.1.1.150090
30556^MNDRY_EVT_IBP_NO_PULSE^MDC,1.1.1.150091
30556^MNDRY_EVT_IBP_NO_PULSE^MDC,1.1.1.375
30556^MNDRY_EVT_IBP_NO_PULSE^MDC,1.1.1.150029
30556^MNDRY_EVT_IBP_NO_PULSE^MDC,1.1.1.150030
30556^MNDRY_EVT_IBP_NO_PULSE^MDC,1.1.1.150031
30556^MNDRY_EVT_IBP_NO_PULSE^MDC,1.1.1.372
30556^MNDRY_EVT_IBP_NO_PULSE^MDC,1.1.1.150649
30556^MNDRY_EVT_IBP_NO_PULSE^MDC,1.1.1.150650
30556^MNDRY_EVT_IBP_NO_PULSE^MDC,1.1.1.150651
30556^MNDRY_EVT_IBP_NO_PULSE^MDC,1.1.1.374
30556^MNDRY_EVT_IBP_NO_PULSE^MDC,1.1.1.150681
30556^MNDRY_EVT_IBP_NO_PULSE^MDC,1.1.1.150682
30556^MNDRY_EVT_IBP_NO_PULSE^MDC,1.1.1.150683
30556^MNDRY_EVT_IBP_NO_PULSE^MDC,1.1.1.373
30556^MNDRY_EVT_IBP_NO_PULSE^MDC,1.1.1.150017
30556^MNDRY_EVT_IBP_NO_PULSE^MDC,1.1.1.150018
30556^MNDRY_EVT_IBP_NO_PULSE^MDC,1.1.1.150019
30556^MNDRY_EVT_IBP_NO_PULSE^MDC,1.1.1.149522
30556^MNDRY_EVT_IBP_NO_PULSE^MDC,1.1.2.150017
30556^MNDRY_EVT_IBP_NO_PULSE^MDC,1.1.2.150018
30556^MNDRY_EVT_IBP_NO_PULSE^MDC,1.1.2.150019
30556^MNDRY_EVT_IBP_NO_PULSE^MDC,1.1.2.149522
30556^MNDRY_EVT_IBP_NO_PULSE^MDC,1.1.3.150017
30556^MNDRY_EVT_IBP_NO_PULSE^MDC,1.1.3.150018
30556^MNDRY_EVT_IBP_NO_PULSE^MDC,1.1.3.150019
30556^MNDRY_EVT_IBP_NO_PULSE^MDC,1.1.3.149522
30556^MNDRY_EVT_IBP_NO_PULSE^MDC,1.1.4.150017
30556^MNDRY_EVT_IBP_NO_PULSE^MDC,1.1.4.150018
30556^MNDRY_EVT_IBP_NO_PULSE^MDC,1.1.4.150019
30556^MNDRY_EVT_IBP_NO_PULSE^MDC,1.1.4.149522
30556^MNDRY_EVT_IBP_NO_PULSE^MDC,1.1.5.150017
30556^MNDRY_EVT_IBP_NO_PULSE^MDC,1.1.5.150018
30556^MNDRY_EVT_IBP_NO_PULSE^MDC,1.1.5.150019
30556^MNDRY_EVT_IBP_NO_PULSE^MDC,1.1.5.149522
30556^MNDRY_EVT_IBP_NO_PULSE^MDC,1.1.6.150017
30556^MNDRY_EVT_IBP_NO_PULSE^MDC,1.1.6.150018
30556^MNDRY_EVT_IBP_NO_PULSE^MDC,1.1.6.150019
30556^MNDRY_EVT_IBP_NO_PULSE^MDC,1.1.6.149522
30556^MNDRY_EVT_IBP_NO_PULSE^MDC,1.1.7.150017
30556^MNDRY_EVT_IBP_NO_PULSE^MDC,1.1.7.150018
30556^MNDRY_EVT_IBP_NO_PULSE^MDC,1.1.7.150019
30556^MNDRY_EVT_IBP_NO_PULSE^MDC,1.1.7.149522
30556^MNDRY_EVT_IBP_NO_PULSE^MDC,1.1.8.150017
30556^MNDRY_EVT_IBP_NO_PULSE^MDC,1.1.8.150018
30556^MNDRY_EVT_IBP_NO_PULSE^MDC,1.1.8.150019
30556^MNDRY_EVT_IBP_NO_PULSE^MDC,1.1.8.149522
30556^MNDRY_EVT_IBP_NO_PULSE^MDC,1.1.1.150101
30556^MNDRY_EVT_IBP_NO_PULSE^MDC,1.1.1.150102
30556^MNDRY_EVT_IBP_NO_PULSE^MDC,1.1.1.150103
30556^MNDRY_EVT_IBP_NO_PULSE^MDC,1.1.1.366
30556^MNDRY_EVT_IBP_NO_PULSE^MDC,1.1.11.150033
30556^MNDRY_EVT_IBP_NO_PULSE^MDC,1.1.11.150034
30556^MNDRY_EVT_IBP_NO_PULSE^MDC,1.1.11.150035
30556^MNDRY_EVT_IBP_NO_PULSE^MDC,1.1.11.364
30556^MNDRY_EVT_IBP_NO_PULSE^MDC,1.1.12.150085
30556^MNDRY_EVT_IBP_NO_PULSE^MDC,1.1.12.150086
30556^MNDRY_EVT_IBP_NO_PULSE^MDC,1.1.12.150087
30556^MNDRY_EVT_IBP_NO_PULSE^MDC,1.1.12.369
30556^MNDRY_EVT_IBP_NO_PULSE^MDC,1.1.2.150037
30556^MNDRY_EVT_IBP_NO_PULSE^MDC,1.1.2.150038
30556^MNDRY_EVT_IBP_NO_PULSE^MDC,1.1.2.150039
30556^MNDRY_EVT_IBP_NO_PULSE^MDC,1.1.2.364
30556^MNDRY_EVT_IBP_NO_PULSE^MDC,1.1.1.101
30556^MNDRY_EVT_IBP_NO_PULSE^MDC,1.1.1.102
30556^MNDRY_EVT_IBP_NO_PULSE^MDC,1.1.1.103
30556^MNDRY_EVT_IBP_NO_PULSE^MDC,1.1.1.379
30556^MNDRY_EVT_IBP_NO_PULSE^MDC,
30557^MNDRY_EVT_SENSOR_FAULT^MDC,1.1.1.30557
30557^MNDRY_EVT_SENSOR_FAULT^MDC,1.1.2.30557
30557^MNDRY_EVT_SENSOR_FAULT^MDC,1.1.3.30557
30557^MNDRY_EVT_SENSOR_FAULT^MDC,1.1.4.30557
30557^MNDRY_EVT_SENSOR_FAULT^MDC,1.1.5.30557
30557^MNDRY_EVT_SENSOR_FAULT^MDC,1.1.6.30557
30557^MNDRY_EVT_SENSOR_FAULT^MDC,1.1.7.30557
30557^MNDRY_EVT_SENSOR_FAULT^MDC,1.1.8.30557
30557^MNDRY_EVT_SENSOR_FAULT^MDC,1.1.11.30557
30557^MNDRY_EVT_SENSOR_FAULT^MDC,1.1.12.30557
30557^MNDRY_EVT_SENSOR_FAULT^MDC,1.1.13.30557
30557^MNDRY_EVT_SENSOR_FAULT^MDC,1.1.1.150037
30557^MNDRY_EVT_SENSOR_FAULT^MDC,1.1.1.150038
30557^MNDRY_EVT_SENSOR_FAULT^MDC,1.1.1.150039
30557^MNDRY_EVT_SENSOR_FAULT^MDC,1.1.1.364
30557^MNDRY_EVT_SENSOR_FAULT^MDC,1.1.11.150037
30557^MNDRY_EVT_SENSOR_FAULT^MDC,1.1.11.150038
30557^MNDRY_EVT_SENSOR_FAULT^MDC,1.1.11.150039
30557^MNDRY_EVT_SENSOR_FAULT^MDC,1.1.13.150037
30557^MNDRY_EVT_SENSOR_FAULT^MDC,1.1.13.150038
30557^MNDRY_EVT_SENSOR_FAULT^MDC,1.1.13.150039
30557^MNDRY_EVT_SENSOR_FAULT^MDC,1.1.13.150041
30557^MNDRY_EVT_SENSOR_FAULT^MDC,1.1.13.364
30557^MNDRY_EVT_SENSOR_FAULT^MDC,1.1.1.150045
30557^MNDRY_EVT_SENSOR_FAULT^MDC,1.1.1.150046
30557^MNDRY_EVT_SENSOR_FAULT^MDC,1.1.1.150047
30557^MNDRY_EVT_SENSOR_FAULT^MDC,1.1.1.368
30557^MNDRY_EVT_SENSOR_FAULT^MDC,1.1.1.150085
30557^MNDRY_EVT_SENSOR_FAULT^MDC,1.1.1.150086
30557^MNDRY_EVT_SENSOR_FAULT^MDC,1.1.1.150087
30557^MNDRY_EVT_SENSOR_FAULT^MDC,1.1.1.369
30557^MNDRY_EVT_SENSOR_FAULT^MDC,1.1.1.153609
30557^MNDRY_EVT_SENSOR_FAULT^MDC,1.1.1.153610
30557^MNDRY_EVT_SENSOR_FAULT^MDC,1.1.1.153611
30557^MNDRY_EVT_SENSOR_FAULT^MDC,1.1.1.376
30557^MNDRY_EVT_SENSOR_FAULT^MDC,1.1.1.150065
30557^MNDRY_EVT_SENSOR_FAULT^MDC,1.1.1.150066
30557^MNDRY_EVT_SENSOR_FAULT^MDC,1.1.1.150067
30557^MNDRY_EVT_SENSOR_FAULT^MDC,1.1.1.370
30557^MNDRY_EVT_SENSOR_FAULT^MDC,1.1.1.150069
30557^MNDRY_EVT_SENSOR_FAULT^MDC,1.1.1.150070
30557^MNDRY_EVT_SENSOR_FAULT^MDC,1.1.1.150071
30557^MNDRY_EVT_SENSOR_FAULT^MDC,1.1.1.371
30557^MNDRY_EVT_SENSOR_FAULT^MDC,1.1.1.150057
30557^MNDRY_EVT_SENSOR_FAULT^MDC,1.1.1.150058
30557^MNDRY_EVT_SENSOR_FAULT^MDC,1.1.1.150059
30557^MNDRY_EVT_SENSOR_FAULT^MDC,1.1.1.365
30557^MNDRY_EVT_SENSOR_FAULT^MDC,1.1.1.150089
30557^MNDRY_EVT_SENSOR_FAULT^MDC,1.1.1.150090
30557^MNDRY_EVT_SENSOR_FAULT^MDC,1.1.1.150091
30557^MNDRY_EVT_SENSOR_FAULT^MDC,1.1.1.375
30557^MNDRY_EVT_SENSOR_FAULT^MDC,1.1.1.150029
30557^MNDRY_EVT_SENSOR_FAULT^MDC,1.1.1.150030
30557^MNDRY_EVT_SENSOR_FAULT^MDC,1.1.1.150031
30557^MNDRY_EVT_SENSOR_FAULT^MDC,1.1.1.372
30557^MNDRY_EVT_SENSOR_FAULT^MDC,1.1.1.150649
30557^MNDRY_EVT_SENSOR_FAULT^MDC,1.1.1.150650
30557^MNDRY_EVT_SENSOR_FAULT^MDC,1.1.1.150651
30557^MNDRY_EVT_SENSOR_FAULT^MDC,1.1.1.374
30557^MNDRY_EVT_SENSOR_FAULT^MDC,1.1.1.150681
30557^MNDRY_EVT_SENSOR_FAULT^MDC,1.1.1.150682
30557^MNDRY_EVT_SENSOR_FAULT^MDC,1.1.1.150683
30557^MNDRY_EVT_SENSOR_FAULT^MDC,1.1.1.373
30557^MNDRY_EVT_SENSOR_FAULT^MDC,1.1.1.150017
30557^MNDRY_EVT_SENSOR_FAULT^MDC,1.1.1.150018
30557^MNDRY_EVT_SENSOR_FAULT^MDC,1.1.1.150019
30557^MNDRY_EVT_SENSOR_FAULT^MDC,1.1.1.149522
30557^MNDRY_EVT_SENSOR_FAULT^MDC,1.1.2.150017
30557^MNDRY_EVT_SENSOR_FAULT^MDC,1.1.2.150018
30557^MNDRY_EVT_SENSOR_FAULT^MDC,1.1.2.150019
30557^MNDRY_EVT_SENSOR_FAULT^MDC,1.1.2.149522
30557^MNDRY_EVT_SENSOR_FAULT^MDC,1.1.3.150017
30557^MNDRY_EVT_SENSOR_FAULT^MDC,1.1.3.150018
30557^MNDRY_EVT_SENSOR_FAULT^MDC,1.1.3.150019
30557^MNDRY_EVT_SENSOR_FAULT^MDC,1.1.3.149522
30557^MNDRY_EVT_SENSOR_FAULT^MDC,1.1.4.150017
30557^MNDRY_EVT_SENSOR_FAULT^MDC,1.1.4.150018
30557^MNDRY_EVT_SENSOR_FAULT^MDC,1.1.4.150019
30557^MNDRY_EVT_SENSOR_FAULT^MDC,1.1.4.149522
30557^MNDRY_EVT_SENSOR_FAULT^MDC,1.1.5.150017
30557^MNDRY_EVT_SENSOR_FAULT^MDC,1.1.5.150018
30557^MNDRY_EVT_SENSOR_FAULT^MDC,1.1.5.150019
30557^MNDRY_EVT_SENSOR_FAULT^MDC,1.1.5.149522
30557^MNDRY_EVT_SENSOR_FAULT^MDC,1.1.6.150017
30557^MNDRY_EVT_SENSOR_FAULT^MDC,1.1.6.150018
30557^MNDRY_EVT_SENSOR_FAULT^MDC,1.1.6.150019
30557^MNDRY_EVT_SENSOR_FAULT^MDC,1.1.6.149522
30557^MNDRY_EVT_SENSOR_FAULT^MDC,1.1.7.150017
30557^MNDRY_EVT_SENSOR_FAULT^MDC,1.1.7.150018
30557^MNDRY_EVT_SENSOR_FAULT^MDC,1.1.7.150019
30557^MNDRY_EVT_SENSOR_FAULT^MDC,1.1.7.149522
30557^MNDRY_EVT_SENSOR_FAULT^MDC,1.1.8.150017
30557^MNDRY_EVT_SENSOR_FAULT^MDC,1.1.8.150018
30557^MNDRY_EVT_SENSOR_FAULT^MDC,1.1.8.150019
30557^MNDRY_EVT_SENSOR_FAULT^MDC,1.1.8.149522
30557^MNDRY_EVT_SENSOR_FAULT^MDC,1.1.1.150101
30557^MNDRY_EVT_SENSOR_FAULT^MDC,1.1.1.150102
30557^MNDRY_EVT_SENSOR_FAULT^MDC,1.1.1.150103
30557^MNDRY_EVT_SENSOR_FAULT^MDC,1.1.1.366
30557^MNDRY_EVT_SENSOR_FAULT^MDC,1.1.11.150033
30557^MNDRY_EVT_SENSOR_FAULT^MDC,1.1.11.150034
30557^MNDRY_EVT_SENSOR_FAULT^MDC,1.1.11.150035
30557^MNDRY_EVT_SENSOR_FAULT^MDC,1.1.11.364
30557^MNDRY_EVT_SENSOR_FAULT^MDC,1.1.12.150085
30557^MNDRY_EVT_SENSOR_FAULT^MDC,1.1.12.150086
30557^MNDRY_EVT_SENSOR_FAULT^MDC,1.1.12.150087
30557^MNDRY_EVT_SENSOR_FAULT^MDC,1.1.12.369
30557^MNDRY_EVT_SENSOR_FAULT^MDC,1.1.2.150037
30557^MNDRY_EVT_SENSOR_FAULT^MDC,1.1.2.150038
30557^MNDRY_EVT_SENSOR_FAULT^MDC,1.1.2.150039
30557^MNDRY_EVT_SENSOR_FAULT^MDC,1.1.2.364
30557^MNDRY_EVT_SENSOR_FAULT^MDC,1.1.1.101
30557^MNDRY_EVT_SENSOR_FAULT^MDC,1.1.1.102
30557^MNDRY_EVT_SENSOR_FAULT^MDC,1.1.1.103
30557^MNDRY_EVT_SENSOR_FAULT^MDC,1.1.1.379
30557^MNDRY_EVT_SENSOR_FAULT^MDC,
30559^MNDRY_EVT_CCO_CHECKING_VAGILANCE^MDC,
30560^MNDRY_EVT_DISCONNECT_WITH_VIGILANCE^MDC,
31013^MNDRY_EVT_DISCONNECT_WITH_EV1000^MDC,
30561^MNDRY_EVT_DISCONNECT_WITH_VIGILEO^MDC,
30562^MNDRY_EVT_CCO_INVALID_CATHETER^MDC,
30759^MNDRY_EVT_CCO_TI_SENSOR_ERROR^MDC,
30563^MNDRY_EVT_SCVO2_SIGNAL_TOO_HIGH^MDC,
30564^MNDRY_EVT_SCVO2_SIGNAL_TOO_LOW^MDC,
30565^MNDRY_EVT_SCVO2_TOO_MUCH_LIGHT^MDC,
30566^MNDRY_EVT_SCVO2_DISCONNECTED^MDC,
30567^MNDRY_EVT_UNSUPPORTED_CEVOX_VER^MDC,
30568^MNDRY_EVT_INVALID_CCO_CALIB^MDC,
30571^MNDRY_EVT_CCO_TI_ERRO^MDC,
30572^MNDRY_EVT_BANELINK_CONFLICT^MDC,
30573^MNDRY_EVT_SEARCHING_SIGNAL^MDC,1.27.1.30573
30573^MNDRY_EVT_SEARCHING_SIGNAL^MDC,1.40.1.30573
30573^MNDRY_EVT_SEARCHING_SIGNAL^MDC,
196772^MDC_EVT_RANGE_ERR^MDC,
30653^MNDRY_EVT_SHUT_DOWN^MDC,
30024^MNDRY_EVT_EEG_SENSOR_OFF^MDC,
30025^MNDRY_EVT_EEG_ELECTRODE_OFF^MDC,
30026^MNDRY_EVT_EEG_ELECTRODE_HIGH_IMPED^MDC,
30027^MNDRY_EVT_EEG_ELECTRODE_NOISE^MDC,
30110^MNDRY_EVT_EEG_ELECTRODE_POOR_CONTACT^MDC,
30028^MNDRY_EVT_EEG_NO_SENSOR^MDC,
30029^MNDRY_EVT_EEG_INIT_ERROR^MDC,
30030^MNDRY_EVT_EEG_COMM_ERROR^MDC,
30031^MNDRY_EVT_EEG_COMM_STOP^MDC,
30032^MNDRY_EVT_EEG_COMM_ABNORMAL^MDC,
30033^MNDRY_EVT_EEG_OVER_CURRENT^MDC,
30580^MNDRY_EVT_EEG_CLIAB^MDC,
30034^MNDRY_EVT_EEG_SENSOR_CHECKING^MDC,
30581^MNDRY_EVT_RSO2_NO_SENSOR^MDC,1.24.1.30581
30581^MNDRY_EVT_RSO2_NO_SENSOR^MDC,1.24.2.30581
30581^MNDRY_EVT_RSO2_NO_SENSOR^MDC,1.24.3.30581
30581^MNDRY_EVT_RSO2_NO_SENSOR^MDC,1.24.4.30581
30581^MNDRY_EVT_RSO2_NO_SENSOR^MDC,1.24.1.116
30581^MNDRY_EVT_RSO2_NO_SENSOR^MDC,1.24.2.116
30581^MNDRY_EVT_RSO2_NO_SENSOR^MDC,1.24.3.116
30581^MNDRY_EVT_RSO2_NO_SENSOR^MDC,1.24.4.116
30581^MNDRY_EVT_RSO2_NO_SENSOR^MDC,
30582^MNDRY_EVT_RSO2_EXCEED_LIGHT^MDC,1.24.1.30582
30582^MNDRY_EVT_RSO2_EXCEED_LIGHT^MDC,1.24.2.30582
30582^MNDRY_EVT_RSO2_EXCEED_LIGHT^MDC,1.24.3.30582
30582^MNDRY_EVT_RSO2_EXCEED_LIGHT^MDC,1.24.4.30582
30582^MNDRY_EVT_RSO2_EXCEED_LIGHT^MDC,1.24.1.116
30582^MNDRY_EVT_RSO2_EXCEED_LIGHT^MDC,1.24.2.116
30582^MNDRY_EVT_RSO2_EXCEED_LIGHT^MDC,1.24.3.116
30582^MNDRY_EVT_RSO2_EXCEED_LIGHT^MDC,1.24.4.116
30582^MNDRY_EVT_RSO2_EXCEED_LIGHT^MDC,
30587^MNDRY_EVT_RSO2_POOR_SIGNAL^MDC,1.24.1.30587
30587^MNDRY_EVT_RSO2_POOR_SIGNAL^MDC,1.24.2.30587
30587^MNDRY_EVT_RSO2_POOR_SIGNAL^MDC,1.24.3.30587
30587^MNDRY_EVT_RSO2_POOR_SIGNAL^MDC,1.24.4.30587
30587^MNDRY_EVT_RSO2_POOR_SIGNAL^MDC,1.24.1.116
30587^MNDRY_EVT_RSO2_POOR_SIGNAL^MDC,1.24.2.116
30587^MNDRY_EVT_RSO2_POOR_SIGNAL^MDC,1.24.3.116
30587^MNDRY_EVT_RSO2_POOR_SIGNAL^MDC,1.24.4.116
30587^MNDRY_EVT_RSO2_POOR_SIGNAL^MDC,
30583^MNDRY_EVT_RSO2_NO_PREAMPLIFIER^MDC,1.24.1.30583
30583^MNDRY_EVT_RSO2_NO_PREAMPLIFIER^MDC,1.24.2.30583
30583^MNDRY_EVT_RSO2_NO_PREAMPLIFIER^MDC,1.24.3.30583
30583^MNDRY_EVT_RSO2_NO_PREAMPLIFIER^MDC,1.24.4.30583
30583^MNDRY_EVT_RSO2_NO_PREAMPLIFIER^MDC,1.24.1.116
30583^MNDRY_EVT_RSO2_NO_PREAMPLIFIER^MDC,1.24.2.116
30583^MNDRY_EVT_RSO2_NO_PREAMPLIFIER^MDC,1.24.3.116
30583^MNDRY_EVT_RSO2_NO_PREAMPLIFIER^MDC,1.24.4.116
30583^MNDRY_EVT_RSO2_NO_PREAMPLIFIER^MDC,
30654^MNDRY_EVT_RSO2_REPLACE_SENSOR^MDC,1.24.1.30654
30654^MNDRY_EVT_RSO2_REPLACE_SENSOR^MDC,1.24.2.30654
30654^MNDRY_EVT_RSO2_REPLACE_SENSOR^MDC,1.24.3.30654
30654^MNDRY_EVT_RSO2_REPLACE_SENSOR^MDC,1.24.4.30654
30654^MNDRY_EVT_RSO2_REPLACE_SENSOR^MDC,1.24.1.116
30654^MNDRY_EVT_RSO2_REPLACE_SENSOR^MDC,1.24.2.116
30654^MNDRY_EVT_RSO2_REPLACE_SENSOR^MDC,1.24.3.116
30654^MNDRY_EVT_RSO2_REPLACE_SENSOR^MDC,1.24.4.116
30654^MNDRY_EVT_RSO2_REPLACE_SENSOR^MDC,
30584^MNDRY_EVT_RSO2_INTERFERENCE^MDC,1.24.1.30584
30584^MNDRY_EVT_RSO2_INTERFERENCE^MDC,1.24.2.30584
30584^MNDRY_EVT_RSO2_INTERFERENCE^MDC,1.24.3.30584
30584^MNDRY_EVT_RSO2_INTERFERENCE^MDC,1.24.4.30584
30584^MNDRY_EVT_RSO2_INTERFERENCE^MDC,1.24.1.116
30584^MNDRY_EVT_RSO2_INTERFERENCE^MDC,1.24.2.116
30584^MNDRY_EVT_RSO2_INTERFERENCE^MDC,1.24.3.116
30584^MNDRY_EVT_RSO2_INTERFERENCE^MDC,1.24.4.116
30584^MNDRY_EVT_RSO2_INTERFERENCE^MDC,
30585^MNDRY_EVT_RSO2_AUTO_BASELINE^MDC,1.24.1.30585
30585^MNDRY_EVT_RSO2_AUTO_BASELINE^MDC,1.24.2.30585
30585^MNDRY_EVT_RSO2_AUTO_BASELINE^MDC,1.24.3.30585
30585^MNDRY_EVT_RSO2_AUTO_BASELINE^MDC,1.24.4.30585
30585^MNDRY_EVT_RSO2_AUTO_BASELINE^MDC,1.24.1.116
30585^MNDRY_EVT_RSO2_AUTO_BASELINE^MDC,1.24.2.116
30585^MNDRY_EVT_RSO2_AUTO_BASELINE^MDC,1.24.3.116
30585^MNDRY_EVT_RSO2_AUTO_BASELINE^MDC,1.24.4.116
30585^MNDRY_EVT_RSO2_AUTO_BASELINE^MDC,
30586^MNDRY_EVT_RSO2_NEED_REPLUG^MDC,1.24.1.30586
30586^MNDRY_EVT_RSO2_NEED_REPLUG^MDC,1.24.2.30586
30586^MNDRY_EVT_RSO2_NEED_REPLUG^MDC,1.24.3.30586
30586^MNDRY_EVT_RSO2_NEED_REPLUG^MDC,1.24.4.30586
30586^MNDRY_EVT_RSO2_NEED_REPLUG^MDC,1.24.1.116
30586^MNDRY_EVT_RSO2_NEED_REPLUG^MDC,1.24.2.116
30586^MNDRY_EVT_RSO2_NEED_REPLUG^MDC,1.24.3.116
30586^MNDRY_EVT_RSO2_NEED_REPLUG^MDC,1.24.4.116
30586^MNDRY_EVT_RSO2_NEED_REPLUG^MDC,
30588^MNDRY_EVT_DATA_INTERRUPTED^MDC,
30680^MNDRY_EVT_DHCP_FETCHING_IP_TIME_OUT^MDC,
30681^MNDRY_EVT_TP_DISCONNECT_FROM_PAIRED_DEVICE^MDC,
30682^MNDRY_EVT_DEVICE_ERROR_FOR_TP^MDC,
30683^MNDRY_EVT_IP_CONFLICT^MDC,
202774^MDC_EVT_STAT_STANDBY_MODE^MDC,
196748^MDC_EVT_COMM_LOST^MDC,
30684^MNDRY_EVT_MPAN_DISCONNECT^MDC,
31014^MNDRY_EVT_DISCONNECT_WITH_INTEGRATED_DEVICE^MDC,
30045^MNDRY_EVT_ANES_MAC_LOW^MDC,
30685^MNDRY_EVT_ANES_FRESH_GAS_FLOW_HI^MDC,
30716^MNDRY_EVT_ANES_N2O_FLOW_HI^MDC,
30717^MNDRY_EVT_ANES_O2_FLOW_HI^MDC,
30718^MNDRY_EVT_ANES_AIR_FLOW_HI^MDC,
30743^MNDRY_EVT_ANES_INVALID_MAC_VALUE^MDC,
30589^MNDRY_EVT_ANES_PAT_CIRCUIT_LEAK^MDC,
30590^MNDRY_EVT_ANES_NO_O2_SENSOR^MDC,
30591^MNDRY_EVT_ANES_DIRVE_GAS_PRESSURE_LOW^MDC,
30592^MNDRY_EVT_ANES_O2_SUPPLY_FAILURE^MDC,
202884^MDC_EVT_STAT_DEV_BATT_OPERATED^MDC,
30594^MNDRY_EVT_ANES_CHECK_APL_VALVE^MDC,
30595^MNDRY_EVT_ANES_CHECK_EXPIRATION_VALVE^MDC,
30596^MNDRY_EVT_ANES_CHECK_FRESH_GAS_SUPPLY^MDC,
30597^MNDRY_EVT_ANES_NO_FRESH_GAS^MDC,
30598^MNDRY_EVT_ANES_CIRCUIT_OCCLUDED^MDC,
30599^MNDRY_EVT_ANES_VENT_DISC^MDC,
30600^MNDRY_EVT_ANES_NO_AIR^MDC,
30601^MNDRY_EVT_ANES_NO_O2_SUPPLY^MDC,
30606^MNDRY_EVT_ANES_CO2_MODULE_ABNORMAL^MDC,
30607^MNDRY_EVT_ANES_AG_MODULE_ABNORMAL^MDC,
30608^MNDRY_EVT_ANES_BIS_MODULE_ABNORMAL^MDC,
30609^MNDRY_EVT_ANES_SPO2_MODULE_ABNORMAL^MDC,
30655^MNDRY_EVT_ANES_AUTO_ZERO_IN_PROCESS^MDC,
30656^MNDRY_EVT_ANES_APNEA_VENTILATION^MDC,
30657^MNDRY_EVT_ANES_VENTILATOR_VOLTAGE_ERR^MDC,
30658^MNDRY_EVT_ANES_PEEP_VAVLE_FAILURE^MDC,
30661^MNDRY_EVT_ANES_INSP_VALVE_FAILURE^MDC,
30662^MNDRY_EVT_ANES_PEEP_SAFETY_VALVE_FAILURE^MDC,
30663^MNDRY_EVT_ANES_FLOW_SENSOR_FAILURE^MDC,
30664^MNDRY_EVT_ANES_CHECK_FLOW_SENSORS^MDC,
30665^MNDRY_EVT_ANES_PINSP_NOT_ACHIEVED^MDC,
30666^MNDRY_EVT_ANES_VT_NOT_ACHIEVED^MDC,
30667^MNDRY_EVT_ANES_CO2_CANISTER_NOT_MOUNTED^MDC,
30668^MNDRY_EVT_ANES_REPLACE_O2_SENSOR^MDC,
30670^MNDRY_EVT_ANES_CALIBRATE_O2_SENSOR^MDC,
30671^MNDRY_EVT_ANES_VENTILATOR_COMM_STOP^MDC,
30686^MNDRY_EVT_ANES_ACGO_3WAY_VALVE_FAILURE^MDC,
30687^MNDRY_EVT_ANES_ACGO_FAILURE^MDC,
30688^MNDRY_EVT_ANES_AUX_MODULE_COMM_STOP^MDC,
30689^MNDRY_EVT_ANES_MONITOR_CHANNEL_PAW_ERR^MDC,
30690^MNDRY_EVT_AUX_CTRL_MONITOR_CHANNEL_PAW_ERR^MDC,
30691^MNDRY_EVT_ANES_AUX_VOLTAGE_ERR^MDC,
30692^MNDRY_EVT_ANES_DRIVE_GAS_SWITCH_VALVE_FAILURE^MDC,
30694^MNDRY_EVT_ANES_AUTOMATIC_VENT_DISABLED^MDC,
30695^MNDRY_EVT_ANES_AUTO_VENT_DISABLED_LEAK_FAIL^MDC,
30696^MNDRY_EVT_ANES_AUTO_VENT_NON_FUNCTIONAL^MDC,
30697^MNDRY_EVT_ANES_INCOMPATIBLE_AG_SW^MDC,
30698^MNDRY_EVT_ANES_NO_ELEC_ACGO^MDC,
30699^MNDRY_EVT_ANES_KEY_ERR^MDC,
30700^MNDRY_EVT_ANES_LOAD_CFG_FAILED^MDC,
30701^MNDRY_EVT_ANES_MANUAL_ALARM_OFF^MDC,
30702^MNDRY_EVT_ANES_DEMO_MODE^MDC,
30703^MNDRY_EVT_ANES_SERVICE_MODE^MDC,
30704^MNDRY_EVT_ANES_NET_TIME_SERVER_DISCONNECT^MDC,
30705^MNDRY_EVT_ANES_FLOWMETER_CHANGE_NEED_RESTART^MDC,
30706^MNDRY_EVT_ANES_FUNC_ACTIVATE_NEED_RESTART^MDC,
30707^MNDRY_EVT_ANES_CAL_O2_FOR_21^MDC,
30708^MNDRY_EVT_ANES_CAL_O2_FOR_100^MDC,
30709^MNDRY_EVT_ANES_MANUAL_CO2_ALARM_OFF^MDC,
30710^MNDRY_EVT_ANES_LEAK_TEST_PREVENTION^MDC,
30711^MNDRY_EVT_ANES_DRIVE_GAS_TO_O2^MDC,
30712^MNDRY_EVT_ANES_DRIVE_GAS_TO_AIR^MDC,
30713^MNDRY_EVT_ANES_HEATING_MODULE_FAILURE^MDC,
30714^MNDRY_EVT_ANES_POWER_CIRCUIT_NO_MOUNT^MDC,
30715^MNDRY_EVT_ANES_FLOWMETER_VOLTAGE_ERR^MDC,
30719^MNDRY_EVT_ANES_O2_N2O_RATIO_ERR^MDC,
30720^MNDRY_EVT_ANES_FLOWMETER_COMM_STOP^MDC,
30721^MNDRY_EVT_ANES_INTERNAL_N2O_SENSOR_ERR^MDC,
30722^MNDRY_EVT_ANES_INTERNAL_O2_SENSOR_ERR^MDC,
30723^MNDRY_EVT_ANES_INTERNAL_AIR_SENSOR_ERR^MDC,
30724^MNDRY_EVT_ANES_CAL_DATA_ERR^MDC,
30726^MNDRY_EVT_ANES_FLOWMETER_ZERO_FAIL^MDC,
30727^MNDRY_EVT_ANES_ELEC_FLOW_CTRL_ERR^MDC,
30728^MNDRY_EVT_ANES_BACKUP_FLOW_CRTL_ERR^MDC,
30729^MNDRY_EVT_ANES_NO_FRESH_GAS^MDC,
30730^MNDRY_EVT_ANES_BACKUP_FLOW_DEP_ERR^MDC,
30731^MNDRY_EVT_ANES_BACKUP_FLOW_RET_ERR^MDC,
30732^MNDRY_EVT_ANES_AIR_SUPPLY_FAIL^MDC,
30733^MNDRY_EVT_ANES_N2O_SUPPLY_FAIL^MDC,
30734^MNDRY_EVT_ANES_BACKUP_FLOW_VALVE_OPEN^MDC,
30735^MNDRY_EVT_ANES_BACKUP_FLOW_ENABLED^MDC,
30736^MNDRY_EVT_ANES_O2_FLOW_UNACHIEVED^MDC,
30737^MNDRY_EVT_ANES_GAS_FLOW_UNACHIEVED^MDC,
30738^MNDRY_EVT_ANES_FLOW_SENSOR_SELFT_TIMEOUT^MDC,
30739^MNDRY_EVT_ANES_FLOW_SENSOR_IN_SELFTEST^MDC,
30740^MNDRY_EVT_ANES_INTERNAL_AG_ERR^MDC,
30741^MNDRY_EVT_ANES_INTERNAL_AG_WARMUP^MDC,
30744^MNDRY_EVT_ANES_O2_SENSOR_ERR^MDC,
30745^MNDRY_EVT_ANES_AG_HARDWARE_MALFUNCION^MDC,
30746^MNDRY_EVT_ANES_RATE_OVER_RANGE^MDC,
30747^MNDRY_EVT_ANES_EXT_AG_LOADED^MDC,
30748^MNDRY_EVT_ANES_EXT_AG_ZEROING^MDC,
30749^MNDRY_EVT_ANES_EXT_AG_UNLOADED^MDC,
30750^MNDRY_EVT_ANES_BIS_SELFTEST_ERR^MDC,
30751^MNDRY_EVT_ANES_CO2_LOADED^MDC,
30752^MNDRY_EVT_ANES_CO2_UNLOADED^MDC,
30753^MNDRY_EVT_ANES_CO2_SELTTEST_TIME_OUT^MDC,
30754^MNDRY_EVT_ANES_CO2_REPLACE_SENSOR^MDC,
30755^MNDRY_EVT_ANES_INCOMPATIBLE_CO2_SW^MDC,
30757^MNDRY_EVT_NMT_LOADED^MDC,
30758^MNDRY_EVT_NMT_UNLOADED^MDC,
30610^MNDRY_EVT_VENT_AIR_SUPPLY_PRESSURE_LOW^MDC,
30611^MNDRY_EVT_VENT_O2_SUPPLY_PRESSURE_LOW^MDC,
30612^MNDRY_EVT_VENT_NO_GAS_SUPPLY_PRESSURE^MDC,
30613^MNDRY_EVT_VENT_AIRWAY_OBSTRUCTED^MDC,
30614^MNDRY_EVT_VENT_TUBE_DISCONNECTED^MDC,
30615^MNDRY_EVT_VENT_AIRWAY_LEAK^MDC,
30616^MNDRY_EVT_VENT_BETTERY_INUSE^MDC,
30617^MNDRY_EVT_VENT_CHECK_FLOW_SENSOR^MDC,
30618^MNDRY_EVT_VENT_CHECK_EXPIRATION_VALVE^MDC,
30619^MNDRY_EVT_VENT_CLEAN_CO2^MDC,
30620^MNDRY_EVT_VENT_DRIVE_GAS_PRESSURE_LOW^MDC,
30621^MNDRY_EVT_VENT_PAT_CIRCUIT_LEAK^MDC,
30622^MNDRY_EVT_VENT_NEO_FLOW_SENSOR_ERROR^MDC,
30623^MNDRY_EVT_VENT_O2_AIR_SUPPLY^MDC,
30624^MNDRY_EVT_VENT_O2_HELIOX_SUPPLY^MDC,
30625^MNDRY_EVT_VENT_SUSTAINED_AIRWAY_PRESSURE^MDC,
30626^MNDRY_EVT_VENT_INSP_GAS_TEMP_TOO_HIGH^MDC,
30627^MNDRY_EVT_VENT_TINSP_TOO_LONG^MDC,
30628^MNDRY_EVT_VENT_CO2_NO_WATERTRAP^MDC,
30629^MNDRY_EVT_VENT_NO_VO2_HIGH_FIN2O^MDC,
30630^MNDRY_EVT_VENT_NO_O2_PRESSURE^MDC,
30631^MNDRY_EVT_VENT_NO_FRESH_GAS_FLOW^MDC,
30632^MNDRY_EVT_VENT_NO_VO2_FIO2_MORETHAN_85^MDC,
30633^MNDRY_EVT_VENT_MGAS_REPLACE_WATERTRAP^MDC,
30634^MNDRY_EVT_VENT_12HOUR_TEST^MDC,
30635^MNDRY_EVT_VENT_PAT_CONNECTED^MDC,
30636^MNDRY_EVT_VENT_NEGATIVE_AIRWAY_PRESSURE^MDC,
30637^MNDRY_EVT_VENT_CIRCUIT_LEAK^MDC,
30638^MNDRY_EVT_VENT_PAT_CONNECTION_LEAK^MDC,
30639^MNDRY_EVT_VENT_PAT_DISCONNECTED^MDC,
30640^MNDRY_EVT_VENT_O2_CELL_DISCONNECT^MDC,
30641^MNDRY_EVT_VENT_CHECK_TUBING^MDC,
30642^MNDRY_EVT_VENT_DISCONNECT_VENTILATOR_SIDE^MDC,
30643^MNDRY_EVT_VENT_O2_CELL_CAL_NEEDED^MDC,
30644^MNDRY_EVT_VENT_CIRCUIT_DISCONNECTED^MDC,
30645^MNDRY_EVT_VENT_POWER_FAILURE^MDC,
30646^MNDRY_EVT_VENT_TINSP_TOO_SHORT^MDC,
30647^MNDRY_EVT_VENT_FIO2_SENSOR_DISCONNECTED^MDC,
31018^MNDRY_EVT_PUMP_1_PRE_OCCLUSION^MDC,
31017^MNDRY_EVT_NO_PRESS_BLD_ART_ABP_MEAN^MDC,
30574^MNDRY_EVT_DISCONNECT_WITH_HEMOSPHERE^MDC,
31036^MNDRY_EVT_ALM_TECH_ECG_POD_DISCONNECT^MDC,
202822^MDC_EVT_STAT_AL_SILENCE^MDC,
202752^MDC_EVT_STAT_AL_OFF^MDC,
31037^MNDRY_EVT_MANUAL^MDC,
31048^MNDRY_EVT_VENT_APNEA_VENT_ENDED^MDC,
31042^MNDRY_EVT_OVER_UPPER_WARNING_LIMIT^MDC,
31043^MNDRY_EVT_UNDER_LOWER_WARNING_LIMIT^MDC,
31044^MNDRY_EVT_OVER_UPPER_ALARM_LIMIT^MDC,
31045^MNDRY_EVT_UNDER_LOWER_ALARM_LIMIT^MDC,
31046^MNDRY_EVT_OVER_UPPER_STOP_LIMIT^MDC,
31047^MNDRY_EVT_UNDER_LOWER_STOP_LIMIT^MDC,
